location,source,target,id,fuzzy,context,translator_comments,developer_comments
Scripts/content/Story/MISSIONS/DIA_NOV_1301_Caine.d:33,Hi! Ich bin neu hier!,嗨！我是新来的！,,,DIA_Caine_Hallo.description,,
Scripts/content/Story/MISSIONS/DIA_NOV_1301_Caine.d:43,Hi! Ich bin neu hier!,嗨！我是新来的！,,,DIA_Caine_Hallo_15_00,,
Scripts/content/Story/MISSIONS/DIA_NOV_1301_Caine.d:44,"Ich bin Caine. Schüler von Cor Kalom. Du hast sicher schon von ihm gehört, richtig?",我．．．我．．．我叫凯恩，是寇尔卡隆的学生。你一定听说过他吧？,,,DIA_Caine_Hallo_13_01,,
Scripts/content/Story/MISSIONS/DIA_NOV_1301_Caine.d:47,Nein.,不。,,,DIA_Caine_Hallo.DIA_Caine_Hallo_Nein,Info_AddChoice,
Scripts/content/Story/MISSIONS/DIA_NOV_1301_Caine.d:48,Ja.,是。,,,DIA_Caine_Hallo.DIA_Caine_Hallo_Ja,Info_AddChoice,
Scripts/content/Story/MISSIONS/DIA_NOV_1301_Caine.d:53,Ja.,是。,,,DIA_Caine_Hallo_Ja_15_00,,
Scripts/content/Story/MISSIONS/DIA_NOV_1301_Caine.d:54,"Dann weißt du ja, dass er hier der zweitwichtigste Mann nach Y'Berion ist.",那么你知道他是营地的二把手了．．．仅次于贝理昂。,,,DIA_Caine_Hallo_Ja_13_01,,
Scripts/content/Story/MISSIONS/DIA_NOV_1301_Caine.d:60,Nein.,不。,,,DIA_Caine_Hallo_Nein_15_00,,
Scripts/content/Story/MISSIONS/DIA_NOV_1301_Caine.d:61,"Nicht?! Du bist wohl wirklich noch nicht lange hier, was?",不？！你到这儿不长时间，是吗？,,,DIA_Caine_Hallo_Nein_13_01,,
Scripts/content/Story/MISSIONS/DIA_NOV_1301_Caine.d:62,"Cor Kalom ist der zweitwichtigste Mann nach Y'Berion. Er entscheidet, wer als Novize bei uns aufgenommen wird.",寇尔卡隆是仅次于贝理昂的第二个人。他决定着谁可以作为一名见习修士加入我们。,,,DIA_Caine_Hallo_Nein_13_02,,
Scripts/content/Story/MISSIONS/DIA_NOV_1301_Caine.d:132,Und was tust du?,你是做什么的？,,,DIA_Caine_Job.description,,
Scripts/content/Story/MISSIONS/DIA_NOV_1301_Caine.d:145,Und was tust du?,你是做什么的？,,,DIA_Caine_Job_15_00,,
Scripts/content/Story/MISSIONS/DIA_NOV_1301_Caine.d:146,Ich helfe meinem Meister bei der Aufbereitung der alchimistischen Substanzen.,我．．．我．．．我帮助我的主人准备炼金药剂。,,,DIA_Caine_Job_13_01,,
Scripts/content/Story/MISSIONS/DIA_NOV_1301_Caine.d:147,Im wesentlichen Sumpfkraut und Minecrawlersekret. Vor allem das Sekret braucht er dringend.,大部分是沼泽烟草和矿坑爬行者的分泌物。分泌物的需求很紧迫。,,,DIA_Caine_Job_13_02,,
Scripts/content/Story/MISSIONS/DIA_NOV_1301_Caine.d:159,Wo bekomme ich das Sekret der Minecrawler?,我在哪儿能得到矿坑爬行者的分泌物？,,,DIA_Caine_WoSekret.description,,
Scripts/content/Story/MISSIONS/DIA_NOV_1301_Caine.d:172,Wo bekomme ich das Sekret der Minecrawler?,我在哪儿能得到矿坑爬行者的分泌物？,,,DIA_Caine_WoSekret_15_00,,
Scripts/content/Story/MISSIONS/DIA_NOV_1301_Caine.d:173,Crawler findest du in der Alten Mine. Aber du musst wissen wie du ihnen das Sekret abzapfst.,你有旧营地里能找到矿坑爬行者。但是，我必须知道怎样取得分泌物。,,,DIA_Caine_WoSekret_13_01,,
Scripts/content/Story/MISSIONS/DIA_NOV_1301_Caine.d:174,"Falls du wirklich vorhast, dich mit den Biestern anzulegen, sprich besser vorher mit einem der Templer, der Erfahrung hat. Zum Beispiel Gor Na Drak.",如果你真的想与那些野兽作战，你最好去找一个有经验的圣战士谈谈。如正神德克。,,,DIA_Caine_WoSekret_13_02,,
Scripts/content/Story/MISSIONS/DIA_NOV_1301_Caine.d:175,Er ist jeden Tag zwischen unserem Lager und der Alten Mine unterwegs. Morgens triffst du ihn unten am Labor.,他每天都在我们的营地与旧矿坑之间溜达。上午你可以在研究室找到他。,,,DIA_Caine_WoSekret_13_03,,
Scripts/content/Story/MISSIONS/DIA_NOV_1301_Caine.d:187,Was kannst du mir noch über deinen Meister erzählen?,你给我讲讲你主人更多的事吗？,,,DIA_Caine_AddInfoKalom.description,,
Scripts/content/Story/MISSIONS/DIA_NOV_1301_Caine.d:200,Was kannst du mir noch über deinen Meister erzählen?,你给我讲讲你主人更多的事吗？,,,DIA_Caine_AddInfoKalom_15_00,,
Scripts/content/Story/MISSIONS/DIA_NOV_1301_Caine.d:201,"Er ist nicht wie die anderen Gurus. Er getattet jedem, ihn anzusprechen, aber NIEMANDEM seine kostbare Zeit zu verschwenden.",他．．．他不像．．．其他的导师。每个人都可以和他说话，但是没有人可以浪费他宝贵的时间。,,,DIA_Caine_AddInfoKalom_13_01,,
Scripts/content/Story/MISSIONS/DIA_NOV_1301_Caine.d:243,Wie komme ich an das Rezept von Kalom?,我怎样才能拿到寇尔卡隆的处方？,,,Nov_1301_Caine_CHEST.description,,
Scripts/content/Story/MISSIONS/DIA_NOV_1301_Caine.d:256,Wie komme ich an das Rezept von Kalom?,我怎样才能拿到寇尔卡隆的处方？,,,Nov_1301_Caine_CHEST_Info_15_01,,
Scripts/content/Story/MISSIONS/DIA_NOV_1301_Caine.d:257,Gar nicht. Er hält es in seiner Truhe verschlossen. Das rückt er niemals raus.,你不能的。他把它锁在了一只箱子里，不会给任何人。,,,Nov_1301_Caine_CHEST_Info_13_02,,
Scripts/content/Story/MISSIONS/DIA_NOV_1356_Shrat.d:33,Was machst du denn hier?,你在这里做什么？,,,DIA_Shrat_WhyHere.description,,
Scripts/content/Story/MISSIONS/DIA_NOV_1356_Shrat.d:43,Was machst du denn hier?,你在这里做什么？,,,DIA_Shrat_WhyHere_15_00,,
Scripts/content/Story/MISSIONS/DIA_NOV_1356_Shrat.d:44,"Habe ich dir erlaubt, mich anzusprechen?",我允许你和我说话了吗？,,,DIA_Shrat_WhyHere_02_01,,
Scripts/content/Story/MISSIONS/DIA_NOV_1356_Shrat.d:45,"War nur'n Witz! Diese verdammten Spinner gehen mir gehörig auf den Sack, deswegen bin ich hier!",开玩笑！那些该死的疯子让我很不安，那就是我来这儿的原因！,,,DIA_Shrat_WhyHere_02_02,,
Scripts/content/Story/MISSIONS/DIA_NOV_1356_Shrat.d:46,'Sprich mich nicht an!' - 'Bitte den Schläfer um Vergebung!' - 'Deine Mission ist von äußerster Dringlichkeit!',不要和我说话！－－愿沈睡者宽恕你！－－你的任务非常重要！,,,DIA_Shrat_WhyHere_02_03,,
Scripts/content/Story/MISSIONS/DIA_NOV_1356_Shrat.d:47,"Das hält man ja im Kopf nicht aus - kein Wunder, dass die hier alle gaga sind.",它足能把一个人逼疯－－他们都疯了也不足为奇。,,,DIA_Shrat_WhyHere_02_04,,
Scripts/content/Story/MISSIONS/DIA_NOV_1356_Shrat.d:48,Ich bin Shrat. Novize ersten Ranges - und das werde ich auch bleiben!,我叫史拉特，是一级见习修士－－我总是这样认为！,,,DIA_Shrat_WhyHere_02_05,,
Scripts/content/Story/MISSIONS/DIA_NOV_1356_Shrat.d:60,Ich will der Bruderschaft beitreten - kannst du mir helfen?,我想加入兄弟会－－你能帮我吗？,,,DIA_Shrat_JoinPSI.description,,
Scripts/content/Story/MISSIONS/DIA_NOV_1356_Shrat.d:73,Ich will der Bruderschaft beitreten - kannst du mir helfen?,我想加入兄弟会－－你能帮我吗？,,,DIA_Shrat_JoinPSI_15_00,,
Scripts/content/Story/MISSIONS/DIA_NOV_1356_Shrat.d:74,"Du willst bei dem Laden hier mitmachen? Ich überleg gerade, wie ich hier wegkomme.",我想加入这个地方？实际上我正在考虑怎样逃出此地。,,,DIA_Shrat_JoinPSI_02_01,,
Scripts/content/Story/MISSIONS/DIA_NOV_1356_Shrat.d:75,"Wir könnten ein bisschen durch die Kolonie ziehen. Ein paar Einfaltspinsel ausplündern, ein bisschen Erz sammeln - was denkst du?",我们可以在殖民地里闲逛。从一些笨蛋那里收集矿石－－你认为如何？,,,DIA_Shrat_JoinPSI_02_02,,
Scripts/content/Story/MISSIONS/DIA_NOV_1356_Shrat.d:88,Lass uns zusammen losziehen! Komm mit!,让我们一起走吧！跟我来！,,,DIA_Shrat_ComeWithMe.description,,
Scripts/content/Story/MISSIONS/DIA_NOV_1356_Shrat.d:101,Lass uns zusammen losziehen! Komm mit!,让我们一起走吧！跟我来！,,,DIA_Shrat_ComeWithMe_15_00,,
Scripts/content/Story/MISSIONS/DIA_NOV_1356_Shrat.d:102,Das ist doch mal ein Wort! Auf geht's!,那就是我现在最想听的！我们走！,,,DIA_Shrat_ComeWithMe_02_01,,
Scripts/content/Story/MISSIONS/DIA_NOV_1356_Shrat.d:118,Hier trennen sich unsere Wege - ich werde von hier aus alleine weiterziehen.,我们要在这儿分开了－－我要独自走了。,,,DIA_Shrat_LeaveMe.description,,
Scripts/content/Story/MISSIONS/DIA_NOV_1356_Shrat.d:131,Hier trennen sich unsere Wege - ich werde von hier aus alleine weiterziehen.,我们要在这儿分开了－－我要独自走了。,,,DIA_Shrat_LeaveMe_15_00,,
Scripts/content/Story/MISSIONS/DIA_NOV_1356_Shrat.d:132,Na gut. Ich werd' zurück in mein Versteck im Sumpf gehen. Pass gut auf dich auf!,好。我会回到沼泽地中我的藏身之处。保重！,,,DIA_Shrat_LeaveMe_02_01,,
Scripts/content/Story/MISSIONS/DIA_Nov_1300_Talas.d:29,"Du bist Talas, der überfallen wurde",你是塔拉斯，那个被抢劫的人。,,,Nov_1300_Talas_UR.description,,
Scripts/content/Story/MISSIONS/DIA_Nov_1300_Talas.d:43,"Du bist Talas, der überfallen wurde.",你是塔拉斯，那个被抢劫的人。,,,Nov_1300_Talas_UR_Info_15_01,,
Scripts/content/Story/MISSIONS/DIA_Nov_1300_Talas.d:44,"Lass mich in Ruhe, ich will nicht darüber reden!",让我单独呆着吧，我不想谈论了！,,,Nov_1300_Talas_UR_Info_02_02,,
Scripts/content/Story/MISSIONS/DIA_Nov_1300_Talas.d:54,"Ich kann dir helfen, den Almanach zurückbringen.",我能帮你把历书带回来。,,,Nov_1300_Talas_HELP.description,,
Scripts/content/Story/MISSIONS/DIA_Nov_1300_Talas.d:68,"Ich kann dir helfen, den Almanach zurückbringen.",我能帮你把历书带回来。,,,Nov_1300_Talas_HELP_Info_15_01,,
Scripts/content/Story/MISSIONS/DIA_Nov_1300_Talas.d:69,Wirklich? Goblins haben mich überfallen! Und jetzt soll ich wieder zu ihnen gehen und das Buch zurückbringen!,真的？我被哥布林抢劫了！现在我想去那儿把那本书拿回来！,,,Nov_1300_Talas_HELP_Info_02_02,,
Scripts/content/Story/MISSIONS/DIA_Nov_1300_Talas.d:70,Ich mache dir einen Vorschlag. Ich zeige dir den Weg zum Almanach und du holst ihn zurück.,我有一个建议：我会带你去取历书的，所以你能把它夺回来。,,,Nov_1300_Talas_HELP_Info_02_03,,
Scripts/content/Story/MISSIONS/DIA_Nov_1300_Talas.d:73,Einverstanden,好。,,,Nov_1300_Talas_HELP.Nov_1300_Talas_HELP_OK,Info_AddChoice,
Scripts/content/Story/MISSIONS/DIA_Nov_1300_Talas.d:74,Das kostet dich 30 Erz,那会花费你３０个矿石。,,,Nov_1300_Talas_HELP.Nov_1300_Talas_HELP_BRING,Info_AddChoice,
Scripts/content/Story/MISSIONS/DIA_Nov_1300_Talas.d:75,Gib mir 50 Erz und ich bin dabei,给我５０个矿石我就加入。,,,Nov_1300_Talas_HELP.Nov_1300_Talas_HELP_MORE,Info_AddChoice,
Scripts/content/Story/MISSIONS/DIA_Nov_1300_Talas.d:80,Einverstanden.,好。,,,Nov_1300_Talas_HELP_OK_15_01,,
Scripts/content/Story/MISSIONS/DIA_Nov_1300_Talas.d:81,"In Ordnung, wir können losgehen, sobald du bereit bist.",好，只要你准备好了，我们就可以离开了。,,,Nov_1300_Talas_HELP_OK_02_02,,
Scripts/content/Story/MISSIONS/DIA_Nov_1300_Talas.d:87,Das kostet dich 30 Erz.,那会花费你３０个矿石。,,,Nov_1300_Talas_HELP_BRING_15_01,,
Scripts/content/Story/MISSIONS/DIA_Nov_1300_Talas.d:88,"In Ordnung, wir können losgehen, sobald du bereit bist.",好，只要你准备好了，我们就可以离开了。,,,Nov_1300_Talas_HELP_BRING_02_02,,
Scripts/content/Story/MISSIONS/DIA_Nov_1300_Talas.d:96,Gib mir 50 Erz und ich bin dabei.,给我５０个矿石我就加入。,,,Nov_1300_Talas_HELP_MORE_15_01,,
Scripts/content/Story/MISSIONS/DIA_Nov_1300_Talas.d:97,"Was? Du beraubst mich. Nun gut, sag mir Bescheid, wenn du so weit bist.",什么？那是抢劫！那么好吧，准备好了就告诉我吧。,,,Nov_1300_Talas_HELP_MORE_02_02,,
Scripts/content/Story/MISSIONS/DIA_Nov_1300_Talas.d:110,"Ich bin bereit, wir können losgehen",我准备好了，我们可以走了。,,,Nov_1300_Talas_READY.description,,
Scripts/content/Story/MISSIONS/DIA_Nov_1300_Talas.d:124,"Ich bin bereit, wir können losgehen.",我准备好了，我们可以走了。,,,Nov_1300_Talas_READY_Info_15_01,,
Scripts/content/Story/MISSIONS/DIA_Nov_1300_Talas.d:125,In Ordnung. Folge mir.,好，跟我走。,,,Nov_1300_Talas_READY_Info_02_02,,
Scripts/content/Story/MISSIONS/DIA_Nov_1300_Talas.d:154,Hinter dieser Brücke ist die Höhle dieser verdammten kleinen Biester! Pass auf dich auf!,那些可恶的小畜生住在这座桥后的一个洞里！要小心！,,,Nov_1300_Talas_BRIDGE_Info_02_01,,
Scripts/content/Story/MISSIONS/DIA_Nov_1300_Talas.d:155,Du kommst nicht mit?,你不是要和我一起去吗？,,,Nov_1300_Talas_BRIDGE_Info_15_02,,
Scripts/content/Story/MISSIONS/DIA_Nov_1300_Talas.d:156,Ich werde hier auf dich warten und... ähem... unseren Rückzug decken,我在这儿等着．．．掩护你。,,,Nov_1300_Talas_BRIDGE_Info_02_03,,
Scripts/content/Story/MISSIONS/DIA_Nov_1300_Talas.d:181,Du hast den Almanach! Gut gemacht. Gehen wir wieder zurück ins Lager.,你拿到历书了！很好！我们回营地吧。,,,Nov_1300_Talas_BACK_Info_02_01,,
Scripts/content/Story/MISSIONS/DIA_Nov_1300_Talas.d:211,Hier sind wir wieder. Am besten du bringst den Almanach gleich zu Cor Kalom.,我们回来了。你最好马上把历书拿给寇尔卡隆。,,,Info_Talas_RETURNED_02_01,,
Scripts/content/Story/MISSIONS/DIA_Nov_1300_Talas.d:212,"Pass nur auf, dass du dich nicht überarbeitest.",小心自己的安全！,,,Info_Talas_RETURNED_15_02,,
Scripts/content/Story/MISSIONS/DIA_Nov_1300_Talas.d:213,"Keine Angst, darauf achte ich sogar sehr! Mach dir um mich keine Sorgen.",不用担心，我不会有事的！不需要为我担忧。,,,Info_Talas_RETURNED_02_03,,
Scripts/content/Story/MISSIONS/DIA_Nov_1300_Talas.d:229,Cor Angar schickt mich.,寇尔安卡派我来。,,,Nov_1300_Talas_OGY.description,,
Scripts/content/Story/MISSIONS/DIA_Nov_1300_Talas.d:242,"Cor Angar schickt mich. Er sagt, du sollst mich zum Ork-Friedhof bringen, damit ich dort Baal Lukor und seine Templer suchen kann.",寇尔安卡派我来。他说你会带我去兽人墓地，那样我就可以找到巴尔．路卡和他的圣战士们了。,,,Nov_1300_Talas_OGY_15_01,,
Scripts/content/Story/MISSIONS/DIA_Nov_1300_Talas.d:243,Schon wieder bin ich der Laufbursche. Verdammt!!! Ich hätte den Almanach einfach nicht verlieren dürfen...,这样，我又要当办事员了。可恶！我真不应该丢失了那本历书．．．,,,Nov_1300_Talas_OGY_02_02,,
Scripts/content/Story/MISSIONS/DIA_Nov_1300_Talas.d:244,"Na gut, komm mit.",那么好吧，跟我来吧。,,,Nov_1300_Talas_OGY_02_03,,
Scripts/content/Story/MISSIONS/DIA_Nov_1300_Talas.d:270,"Auch hier werde ich dich nicht über die Brücke begleiten, denn ich bin nicht lebensmüde.",我不会带你穿过这座桥的，因为我不想自杀。,,,Nov_1300_Talas_BACKAGAIN_Info_02_01,,
Scripts/content/Story/MISSIONS/DIA_Nov_1300_Talas.d:271,"Du musst verrückt sein, dort hinein zu gehen, wenn selbst Baal Lukor und seine Templer nicht wieder herauskamen.",你到这儿来一定是疯了，巴尔．路卡和圣战士们是逃不出去的。,,,Nov_1300_Talas_BACKAGAIN_Info_02_02,,
Scripts/content/Story/MISSIONS/DIA_Nov_1300_Talas.d:272,"Das werden wir ja sehen. Geh zurück zum Lager, ich komme nach.",我们会看到发生了什么事。然后返回营地。稍后我就会到。,,,Nov_1300_Talas_BACKAGAIN_Info_15_03,,
Scripts/content/Story/MISSIONS/DIA_Nov_1302_Viran.d:33,Was macht ihr hier?,你在这里做什么？,,,DIA_Viran_What.description,,
Scripts/content/Story/MISSIONS/DIA_Nov_1302_Viran.d:43,Was macht ihr hier?,你在这里做什么？,,,DIA_Viran_What_15_00,,
Scripts/content/Story/MISSIONS/DIA_Nov_1302_Viran.d:44,"Wir sammeln das Sumpfkraut, das unsere Brüder dann zu Rauchwaren verarbeiten.",我们正在收集沼泽烟草。,,,DIA_Viran_What_07_01,,
Scripts/content/Story/MISSIONS/DIA_Nov_1302_Viran.d:45,"Es ist ziemlich gefährlich, im Sumpf zu sammeln, aber das Zeug wächst nun mal nur hier. Ist auch gut so.",在沼泽地里收集沼泽烟草是十分危险的，但是它们只会生长在这里。那确实是很好的东西。,,,DIA_Viran_What_07_02,,
Scripts/content/Story/MISSIONS/DIA_Nov_1302_Viran.d:46,Warum?,为什么？,,,DIA_Viran_What_15_03,,
Scripts/content/Story/MISSIONS/DIA_Nov_1302_Viran.d:47,"Weil dann die beiden anderen Lager nicht rankommen. Wir sind die Einzigen in der Kolonie, die Sumpfkraut ernten können.",因为其他两个营地不会得到它的。我们是唯一能拣到沼泽烟草的营地。,,,DIA_Viran_What_07_04,,
Scripts/content/Story/MISSIONS/DIA_Nov_1302_Viran.d:48,In den beiden anderen Lagern können wir es tauschen - und WIR bestimmen den Preis.,我可以和其他两个营地做它的交易－－我们可以设定价格。,,,DIA_Viran_What_07_05,,
Scripts/content/Story/MISSIONS/DIA_Nov_1302_Viran.d:60,Baal Orun schickt mich. Ich soll die gesamte Ernte zu Kalom bringen.,巴尔．欧容派我来。我要把全部的收获带给寇尔卡隆。,,,DIA_Viran_FetchWeed.description,,
Scripts/content/Story/MISSIONS/DIA_Nov_1302_Viran.d:73,Baal Orun schickt mich. Ich soll die gesamte Ernte zu Kalom bringen.,巴尔．欧容派我来。我要把全部的收获带给寇尔卡隆。,,,DIA_Viran_FetchWeed_15_00,,
Scripts/content/Story/MISSIONS/DIA_Nov_1302_Viran.d:74,"So einfach stellst du dir das vor, was?",你以为那么容易吗？,,,DIA_Viran_FetchWeed_07_01,,
Scripts/content/Story/MISSIONS/DIA_Nov_1302_Viran.d:75,Da kann ja jeder kommen. 'Baal Orun schickt mich' - und schwupps - weg ist das ganze Kraut.,任何人都能看出来。’巴尔．欧容派我来’－－然后全部的沼泽烟草都没了。,,,DIA_Viran_FetchWeed_07_02,,
Scripts/content/Story/MISSIONS/DIA_Nov_1302_Viran.d:78,"Geh doch zu ihm und frag ihn, wenn du mir nicht glaubst!",如果你不相信我，那么就去问他吧！,,,DIA_Viran_FetchWeed.DIA_Viran_FetchWeed_GotoHim,Info_AddChoice,
Scripts/content/Story/MISSIONS/DIA_Nov_1302_Viran.d:79,Baal Orun schickt mich aber wirklich!,但是，真的是巴尔．欧容派我来的！,,,DIA_Viran_FetchWeed.DIA_Viran_FetchWeed_Really,Info_AddChoice,
Scripts/content/Story/MISSIONS/DIA_Nov_1302_Viran.d:84,Baal Orun schickt mich aber wirklich!,但是，真的是巴尔．欧容派我来的！,,,DIA_Viran_FetchWeed_Really_15_00,,
Scripts/content/Story/MISSIONS/DIA_Nov_1302_Viran.d:85,Natürlich.,一定。,,,DIA_Viran_FetchWeed_Really_07_01,,
Scripts/content/Story/MISSIONS/DIA_Nov_1302_Viran.d:90,"Geh doch zu ihm und frag ihn, wenn du mir nicht glaubst!",如果你不相信我，那么就去问他吧！,,,DIA_Viran_FetchWeed_GotoHim_15_00,,
Scripts/content/Story/MISSIONS/DIA_Nov_1302_Viran.d:91,"Ich hab' 'ne bessere Idee. Du beweist mir deine Loyalität, indem du eine kleine Aufgabe für mich erledigst!",我有一个好主意。你可以为我们做件小事来证明你的忠诚！,,,DIA_Viran_FetchWeed_GotoHim_07_01,,
Scripts/content/Story/MISSIONS/DIA_Nov_1302_Viran.d:106,Und was soll ich machen?,你想让我做什么？,,,DIA_Viran_Bloodflies.description,,
Scripts/content/Story/MISSIONS/DIA_Nov_1302_Viran.d:119,Und was soll ich machen?,你想让我做什么？,,,DIA_Viran_Bloodflies_15_00,,
Scripts/content/Story/MISSIONS/DIA_Nov_1302_Viran.d:120,"Ist nur 'ne Kleinigkeit. Die Arbeit im Sumpf ist nicht ganz ungefährlich, und die verdammten Blutfliegen tun ihr übriges dazu.",没什么。在沼泽地中干活，会很危险，那儿有许多可恶的小飞虫。,,,DIA_Viran_Bloodflies_07_01,,
Scripts/content/Story/MISSIONS/DIA_Nov_1302_Viran.d:121,Ohne sie wäre das Arbeiten viel leichter! Wir verstehen uns?,如果没有它们，干活会容易许多！你来吗？,,,DIA_Viran_Bloodflies_07_02,,
Scripts/content/Story/MISSIONS/DIA_Nov_1302_Viran.d:139,Ich seh weit und breit keine Blutfliegen mehr.,我没有看见任何小飞虫。,,,DIA_Viran_Running.description,,
Scripts/content/Story/MISSIONS/DIA_Nov_1302_Viran.d:152,Ich seh' weit und breit keine Blutfliegen mehr.,我没有看见任何小飞虫。,,,DIA_Viran_Running_15_00,,
Scripts/content/Story/MISSIONS/DIA_Nov_1302_Viran.d:157,Da sind aber noch Viecher innerhalb von zwanzig Schritt!,但是在二十步内有更多的臭虫！,,,DIA_Viran_Running_07_00,,
Scripts/content/Story/MISSIONS/DIA_Nov_1302_Viran.d:158,So leicht kommst du mir nicht davon!,你不会那么容易动身的！,,,DIA_Viran_Running_07_01,,
Scripts/content/Story/MISSIONS/DIA_Nov_1302_Viran.d:162,Weit und Breit keins von den Biestern mehr zu sehen. Das war ganze Arbeit!,看不到那么多臭虫了。你做得很好！,,,DIA_Viran_Running_07_02,,
Scripts/content/Story/MISSIONS/DIA_Nov_1302_Viran.d:163,"Wer sich so abplagt, ist entweder auf unserer Seite oder ein kompletter Vollidiot!",这样做事的人，既是和我们一边的，又是一个白痴！,,,DIA_Viran_Running_07_03,,
Scripts/content/Story/MISSIONS/DIA_Nov_1302_Viran.d:164,"Und ein Idiot wäre zu dumm, um mich aufs Kreuz zu legen, richtig?",一个白痴是没有足够聪明才智来愚弄我，对吧？,,,DIA_Viran_Running_07_04,,
Scripts/content/Story/MISSIONS/DIA_Nov_1302_Viran.d:165,"Hier, nimm die Ernte und bring sie zu Cor Kalom.",来，拿着烟草并且将它交给寇尔卡隆。,,,DIA_Viran_Running_07_05,,
Scripts/content/Story/MISSIONS/DIA_Nov_1302_Viran.d:166,"Falls er meckert, es sei zu wenig, sag ihm, er soll seinen Hintern hier selber hinbewegen, dann kann er mal sehen, wie viel Arbeit das ist.",如果他抱怨它们不够多，那么告诉他，让他自己来采吧，体会一下工作的艰辛。,,,DIA_Viran_Running_07_06,,
Scripts/content/Story/MISSIONS/DIA_Nov_1302_Viran.d:198,Wie steht's mit der Sammelei?,采摘得如何？,,,DIA_Viran_Perm.description,,
Scripts/content/Story/MISSIONS/DIA_Nov_1302_Viran.d:211,Wie steht's mit der Sammelei?,采摘得如何？,,,DIA_Viran_Perm_15_00,,
Scripts/content/Story/MISSIONS/DIA_Nov_1302_Viran.d:212,"Ja, ja, verarsch mich ruhig. Ich bin mir sicher, du bekommst bessere Aufgaben von den Gurus.",还好，你真会取笑我。我相信你会从导师那里得到份好工作的。,,,DIA_Viran_Perm_07_01,,
Scripts/content/Story/MISSIONS/DIA_Nov_1302_Viran.d:213,"Na, immerhin muss ich mich nicht selbst bücken. Das übernimmt das Fußvolk - hee, hee, hee.",嗯，至少我不需要做那么脏的工作。佣兵们会去做的－－嘿、嘿。,,,DIA_Viran_Perm_07_02,,
Scripts/content/Story/MISSIONS/DIA_Nov_1302_Viran.d:225,Ich soll nochmal alles Kraut zu Cor Kalom bringen.,我要再一次把所有的沼泽烟草带给寇尔卡隆。,,,DIA_Viran_RipOff.description,,
Scripts/content/Story/MISSIONS/DIA_Nov_1302_Viran.d:238,Ich soll noch mal alles Kraut zu Cor Kalom bringen.,我要再一次把所有的沼泽烟草带给寇尔卡隆。,,,DIA_Viran_RipOff_15_00,,
Scripts/content/Story/MISSIONS/DIA_Nov_1302_Viran.d:239,Schon wieder?,再一次？,,,DIA_Viran_RipOff_07_01,,
Scripts/content/Story/MISSIONS/DIA_Nov_1302_Viran.d:240,"Jetzt erzähl mir bloß nicht, ich soll alle Sumpfhaie für dich umbringen - ich hab' wenig Zeit.",现在你不要告诉我要杀死全部的沼泽巨虫，好吗？我真的没有太多的时间了。,,,DIA_Viran_RipOff_15_02,,
Scripts/content/Story/MISSIONS/DIA_Nov_1302_Viran.d:241,"Ist ja schon gut! Hier, nimm das verdammte Kraut!",好，好！给你，拿走这些该死的沼泽烟草吧！,,,DIA_Viran_RipOff_07_03,,
Scripts/content/Story/MISSIONS/DIA_Nov_1303_Nyras.d:33,Hi! Ich bin neu hier.,嘿！我是新来的。,,,DIA_Nyras_Hallo.description,,
Scripts/content/Story/MISSIONS/DIA_Nov_1303_Nyras.d:46,Hi! Ich bin neu hier.,嘿！我是新来的。,,,DIA_Nyras_Hallo_15_00,,
Scripts/content/Story/MISSIONS/DIA_Nov_1303_Nyras.d:47,"Der Schläfer sei mit dir, Fremder!",愿沈睡者与你同在，陌生人！,,,DIA_Nyras_Hallo_03_01,,
Scripts/content/Story/MISSIONS/DIA_Nov_1303_Nyras.d:59,Was kannst du mir über diesen Ort sagen?,你能给我讲讲这个地方的情况吗？,,,DIA_Nyras_Ort.description,,
Scripts/content/Story/MISSIONS/DIA_Nov_1303_Nyras.d:73,Was kannst du mir über diesen Ort sagen?,你能给我讲讲这个地方的情况吗？,,,DIA_Nyras_Ort_15_00,,
Scripts/content/Story/MISSIONS/DIA_Nov_1303_Nyras.d:74,"Nun - die Gurus sind die wichtigsten Leute hier. Sie verbreiten die Lehre des Schläfers, und teilen den Novizen die Visionen unseres Meisters mit.",好。在这里，导师们是最重要的人。他们把沈睡者的话通过我们主人的预言传播给见习修士们。,,,DIA_Nyras_Ort_03_01,,
Scripts/content/Story/MISSIONS/DIA_Nov_1303_Nyras.d:75,"Er selbst ist natürlich viel zu erschöpft, um immer zu allen zu reden.",当然，他太累了，不会亲自告诉每个人的。,,,DIA_Nyras_Ort_03_02,,
Scripts/content/Story/MISSIONS/DIA_Nov_1303_Nyras.d:76,Aber an manchen Tagen spricht er auf dem Tempelplatz zu uns und offenbart uns die heiligen Worte des Schläfers.,但是有时，他会在神殿的庭院里和我们说教，展现沈睡者圣洁的训教。,,,DIA_Nyras_Ort_03_03,,
Scripts/content/Story/MISSIONS/DIA_Nov_1303_Nyras.d:79,Berichte mir von den heiligen Worten des großen Schläfers. ,告诉我那个伟大的沈睡者的圣洁的训教。,,,DIA_Nyras_Ort.DIA_Nyras_Ort_Holy,Info_AddChoice,
Scripts/content/Story/MISSIONS/DIA_Nov_1303_Nyras.d:80,Und was sagt er so?,那么他说什么？,,,DIA_Nyras_Ort.DIA_Nyras_Ort_Casual,Info_AddChoice,
Scripts/content/Story/MISSIONS/DIA_Nov_1303_Nyras.d:85,Und was sagt er so?,那么他说什么？,,,DIA_Nyras_Ort_Casual_15_00,,
Scripts/content/Story/MISSIONS/DIA_Nov_1303_Nyras.d:86,Der Schläfer weist uns unseren Weg. Aber davon versteht ein Ungläubiger wie du nichts!,沈睡者是给我们指路的。但是像你这样的无信仰者是不会明白的！,,,DIA_Nyras_Ort_Casual_03_01,,
Scripts/content/Story/MISSIONS/DIA_Nov_1303_Nyras.d:92,Berichte mir von den heiligen Worten des großen Schläfers.,告诉我那个伟大的沈睡者的圣洁的训教。,,,DIA_Nyras_Ort_Holy_15_00,,
Scripts/content/Story/MISSIONS/DIA_Nov_1303_Nyras.d:93,"ER sagt uns, was wir tun müssen, um die Freiheit zu erlangen.",他告诉我们，我们必须再一次去获得自由。,,,DIA_Nyras_Ort_Holy_03_01,,
Scripts/content/Story/MISSIONS/DIA_Nov_1303_Nyras.d:94,"Y'Berion sagt, der Schläfer wird uns den Weg mitteilen, sobald wir in der Lage sind, ihn zu hören.",贝理昂说，只要我们能听他的话，沈睡者就会给我们指路的。,,,DIA_Nyras_Ort_Holy_03_02,,
Scripts/content/Story/MISSIONS/DIA_Nov_1303_Nyras.d:95,"Er bereitet eine große Anrufung vor, in der er zusammen mit den besten Novizen mit dem Schläfer in Kontakt treten will.",他正在准备一次大型的祈祷，到时他会和一些最好的见习修士一起与沈睡者取得联系。,,,DIA_Nyras_Ort_Holy_03_03,,
Scripts/content/Story/MISSIONS/DIA_Nov_1303_Nyras.d:96,"Cor Kalom unterstützt ihn dabei. Er ist Alchimist und braut Substanzen zusammen, die uns in einen schlafähnlichen Zustand versetzen.",寇尔卡隆支持他。他是一位炼金师，炼取能使我们进入睡眠状态的药剂。,,,DIA_Nyras_Ort_Holy_03_04,,
Scripts/content/Story/MISSIONS/DIA_Nov_1303_Nyras.d:97,Nur in diesem Zustand - oder wenn du schläfst - kannst du die Gedanken des Schläfers empfangen.,你只有在这种状态下或睡觉时，才可以接收到沈睡者的想法。,,,DIA_Nyras_Ort_Holy_03_05,,
Scripts/content/Story/MISSIONS/DIA_Nov_1303_Nyras.d:130,Verschwinde! Hier gibt es nichts für dich zu holen!,滚开！这儿没你的事！,,,Nov_1303_Nyras_GREET_Info_03_00,,
Scripts/content/Story/MISSIONS/DIA_Nov_1303_Nyras.d:140,Ich bin auf der Suche nach dem Fokus,我在找魔法源。,,,Nov_1303_Nyras_LEAVE.description,,
Scripts/content/Story/MISSIONS/DIA_Nov_1303_Nyras.d:153,Ich bin auf der Suche nach dem Fokus.,我在找魔法源。,,,Nov_1303_Nyras_LEAVE_Info_15_01,,
Scripts/content/Story/MISSIONS/DIA_Nov_1303_Nyras.d:154,Da kommst du leider zu spät. Ich habe ihn bereits gefunden!,很不幸，你来晚了。我已经找到它了！,,,Nov_1303_Nyras_LEAVE_Info_03_02,,
Scripts/content/Story/MISSIONS/DIA_Nov_1303_Nyras.d:155,Und ich werde ihn für mich selbst behalten!,我会自己留着的！,,,Nov_1303_Nyras_LEAVE_Info_03_03,,
Scripts/content/Story/MISSIONS/DIA_Nov_1303_Nyras.d:156,Der Schläfer sprach heute Nacht zu mir und machte mich zu seinem alleinigen Werkzeug!,沈睡者昨天晚上告诉我，让我做他唯一的信徒！,,,Nov_1303_Nyras_LEAVE_Info_03_04,,
Scripts/content/Story/MISSIONS/DIA_Nov_1303_Nyras.d:157,"Nun werde nur noch ich dem Schläfer dienen. Keine Templer, keine Gurus mehr!",现在我只为沈睡者服务。不是圣战士或导师！,,,Nov_1303_Nyras_LEAVE_Info_03_05,,
Scripts/content/Story/MISSIONS/DIA_Nov_1303_Nyras.d:158,NUUUUR ICHHHH ALEEEEEINEEEEEEE!!!!!!!!!,只．．．有．．．我．．．独自一人！！！,,,Nov_1303_Nyras_LEAVE_Info_03_06,,
Scripts/content/Story/MISSIONS/DIA_Nov_1303_Nyras.d:159,STIIIIIIRB!!!!!,去死吧！,,,Nov_1303_Nyras_LEAVE_Info_03_07,,
Scripts/content/Story/MISSIONS/DIA_Nov_1304_Balor.d:35,Baal Orun schickt mich. Ich soll hier alles Sumpfkraut abholen.,巴尔．欧容派我来。我要收集全部的沼泽烟草。,,,DIA_Balor_FetchWeed.description,,
Scripts/content/Story/MISSIONS/DIA_Nov_1304_Balor.d:48,Baal Orun schickt mich. Ich soll hier alles Sumpfkraut abholen.,巴尔．欧容派我来。我要收集全部的沼泽烟草。,,,DIA_Balor_FetchWeed_15_00,,
Scripts/content/Story/MISSIONS/DIA_Nov_1304_Balor.d:49,"Gut. Dann muss ich nicht selber laufen. Hier, nimm.",好。那么我不需要自己去了。给，拿着。,,,DIA_Balor_FetchWeed_01_01,,
Scripts/content/Story/MISSIONS/DIA_Nov_1304_Balor.d:50,"Vergiss nicht, zu Viran auf der anderen Seite vom Sumpf zu gehen, wenn du nicht schon da warst.",如果你还没有去过沼泽地另一边的维兰恩，那么不要忘记去看看。,,,DIA_Balor_FetchWeed_01_02,,
Scripts/content/Story/MISSIONS/DIA_Nov_1304_Balor.d:51,"Sonst könnte deine Lieferung ein bisschen mickrig ausfallen, und alle würden denken, du hast die Hälfte verhökert, hee, hee.",否则你的成果会少许多，人们可能会以为你卖了一半呢！嘿，嘿！,,,DIA_Balor_FetchWeed_01_03,,
Scripts/content/Story/MISSIONS/DIA_Nov_1304_Balor.d:78,Wem sollte ich das Kraut denn schon verhökern?,我能把沼泽烟草卖给谁呢？,,,DIA_Balor_SellUnder.description,,
Scripts/content/Story/MISSIONS/DIA_Nov_1304_Balor.d:91,Wem sollte ich das Kraut denn schon verhökern?,我能把沼泽烟草卖给谁呢？,,,DIA_Balor_SellUnder_15_00,,
Scripts/content/Story/MISSIONS/DIA_Nov_1304_Balor.d:92,"Oha! Ich habe dich auf Ideen gebracht, häh?",哦－哦，现在我可以把思想加入到你的头脑里去，是不是？,,,DIA_Balor_SellUnder_01_01,,
Scripts/content/Story/MISSIONS/DIA_Nov_1304_Balor.d:95,"Vergiß es, war nur so'n Gedanke.",算了吧，那只是一种想法。,,,DIA_Balor_SellUnder.DIA_Balor_SellUnder_ForgetIt,Info_AddChoice,
Scripts/content/Story/MISSIONS/DIA_Nov_1304_Balor.d:96,Wenn du einen Abnehmer weißt - wir könnten Halbe-Halbe machen.,如果你认识某人－－我们可以平分。,,,DIA_Balor_SellUnder.DIA_Balor_SellUnder_HalfHalf,Info_AddChoice,
Scripts/content/Story/MISSIONS/DIA_Nov_1304_Balor.d:97,Nein - sag mal - an wen?,不－－告诉我，谁？,,,DIA_Balor_SellUnder.DIA_Balor_SellUnder_ComeOn,Info_AddChoice,
Scripts/content/Story/MISSIONS/DIA_Nov_1304_Balor.d:102,"Vergiss es, war nur so'n Gedanke.",算了吧，那只是一种想法。,,,DIA_Balor_SellUnder_ForgetIt_15_00,,
Scripts/content/Story/MISSIONS/DIA_Nov_1304_Balor.d:108,Wenn du einen Abnehmer weißt - wir könnten Halbe-Halbe machen.,如果你认识某人－－我们可以平分。,,,DIA_Balor_SellUnder_HalfHalf_15_00,,
Scripts/content/Story/MISSIONS/DIA_Nov_1304_Balor.d:109,"Nun, ich wüsste da jemanden im Neuen Lager, den würde so 'ne Menge Kraut schon interessieren ...",嗯，我认识新营地的一个人，他会对它们感兴趣的．．．,,,DIA_Balor_SellUnder_HalfHalf_01_01,,
Scripts/content/Story/MISSIONS/DIA_Nov_1304_Balor.d:110,"Aber wenn dich die Gurus dabei erwischen, machen sie Sumpfhaifutter aus dir! Ich weiß von nichts, klar?!",但是如果导师们为此抓住了你，他们会将你丢去喂沼泽巨虫！我什么都不知道，好吗？！,,,DIA_Balor_SellUnder_HalfHalf_01_02,,
Scripts/content/Story/MISSIONS/DIA_Nov_1304_Balor.d:117,Nein - sag mal - an wen?,不－－告诉我，谁？,,,DIA_Balor_SellUnder_ComeOn_15_00,,
Scripts/content/Story/MISSIONS/DIA_Nov_1304_Balor.d:118,"Du hast doch was vor! Ich sage dir: Wenn das Kraut nicht bei Cor Kalom ankommt, kriegen wir beide mächtigen Ärger!",你有些什么想法？我来告诉你：如果这些东西没有到寇尔卡隆那里，我们两个就陷入真正的麻烦！,,,DIA_Balor_SellUnder_ComeOn_01_01,,
Scripts/content/Story/MISSIONS/DIA_Nov_1304_Balor.d:133,Okay - wer ist der Abnehmer im Neuen Lager?,好－－谁是新营地的买家？,,,DIA_Balor_TellDealer.description,,
Scripts/content/Story/MISSIONS/DIA_Nov_1304_Balor.d:146,Okay - wer ist der Abnehmer im Neuen Lager?,好－－谁是新营地的买家？,,,DIA_Balor_TellDealer_15_00,,
Scripts/content/Story/MISSIONS/DIA_Nov_1304_Balor.d:147,Ich verrat dir den Namen und du bist mit dem Kraut über alle Berge - so läuft das nicht!,你以为我会告诉你他的名字，让你带着这些沼泽烟草逃走吗？没那么简单！,,,DIA_Balor_TellDealer_01_01,,
Scripts/content/Story/MISSIONS/DIA_Nov_1304_Balor.d:148,Ich will 50 Erz Vorschuss sehen. Dann sehen wir weiter.,我想要５０个矿石作为预付款，接着我们才会开始干活。,,,DIA_Balor_TellDealer_01_02,,
Scripts/content/Story/MISSIONS/DIA_Nov_1304_Balor.d:151,Vergiß es.,算了吧。,,,DIA_Balor_TellDealer.DIA_Balor_TellDealer_ForgetIt,Info_AddChoice,
Scripts/content/Story/MISSIONS/DIA_Nov_1304_Balor.d:152,"50 sind fair - hier, nimm.",５０个很公平，这是你的东西。,,,DIA_Balor_TellDealer.DIA_Balor_TellDealer_Pay,Info_AddChoice,
Scripts/content/Story/MISSIONS/DIA_Nov_1304_Balor.d:157,"50 sind fair - hier, nimm.",５０个很公平，这是你的东西。,,,DIA_Balor_TellDealer_Pay_15_00,,
Scripts/content/Story/MISSIONS/DIA_Nov_1304_Balor.d:160,Gut... Hör zu. Sein Name ist Cipher. Du findest ihn meistens in der Kneipe auf dem See.,好．．．听着，他的名字的密码。你可能会在湖上的酒吧里找到他 。,,,DIA_Balor_TellDealer_Pay_01_01,,
Scripts/content/Story/MISSIONS/DIA_Nov_1304_Balor.d:161,Sei vorsichtig und lass dich nicht über's Ohr hauen.,小心点，不要让别人骗了你。,,,DIA_Balor_TellDealer_Pay_01_02,,
Scripts/content/Story/MISSIONS/DIA_Nov_1304_Balor.d:175,"Ich sehe keine 50. Ich will 50 und keinen Brocken weniger, klar?",我没有见到５０个矿石。是５０个矿石，而不是一小块金块！,,,DIA_Balor_TellDealer_Pay_NoOre_01_00,,
Scripts/content/Story/MISSIONS/DIA_Nov_1304_Balor.d:182,Vergiss es.,算了吧。,,,DIA_Balor_TellDealer_ForgetIt_15_00,,
Scripts/content/Story/MISSIONS/DIA_Nov_1304_Balor.d:183,"Denk bloß nicht, du könntest einfach ins Neue Lager spazieren und es irgendwem andrehen! Wenn du den richtigen Namen nicht kennst, wirst du es nie los.",不要以为你能够简单的进入新营地，并把它卖掉！如果你不知道正确的名字，你永远也无法卖掉它。,,,DIA_Balor_TellDealer_ForgetIt_01_01,,
Scripts/content/Story/MISSIONS/DIA_Nov_1304_Balor.d:184,"Es sei denn, du lässt dir von einem Banditen über die Rübe hauen.",除非你让一些盗贼打了。,,,DIA_Balor_TellDealer_ForgetIt_01_02,,
Scripts/content/Story/MISSIONS/DIA_Nov_1304_Balor.d:197,Ich soll nochmal alles Kraut zu Cor Kalom bringen.,我要为寇尔卡隆运下一批货。,,,DIA_Balor_RipOff.description,,
Scripts/content/Story/MISSIONS/DIA_Nov_1304_Balor.d:210,Da bin ich wieder. Ich soll die nächste Ladung abholen.,是我，我回来了。我要收取下一次的货。,,,DIA_Balor_RipOff_15_00,,
Scripts/content/Story/MISSIONS/DIA_Nov_1304_Balor.d:213,Na klar! Und sie wieder ans Neue Lager verhökern!,当然！到 新营地再卖掉它?,,,DIA_Balor_RipOff_01_01,,
Scripts/content/Story/MISSIONS/DIA_Nov_1304_Balor.d:214,Ich will 50 Erz sehen - mein üblicher Vorschuss.,我想看到５０个矿石，这是我平常的预付款。,,,DIA_Balor_RipOff_01_02,,
Scripts/content/Story/MISSIONS/DIA_Nov_1304_Balor.d:218,"Du schon wieder? Na gut, hier nimm, aber mach keine Dummheiten damit, klar?",你还要？好吧，给，拿着，但是不要做傻事，明白吗？,,,DIA_Balor_RipOff_01_03,,
Scripts/content/Story/MISSIONS/DIA_Nov_1304_Balor.d:219,Würde ich nie wagen.,我不敢。,,,DIA_Balor_RipOff_15_04,,
Scripts/content/Story/MISSIONS/DIA_Nov_1304_Balor.d:235,Immer tüchtig weitersammeln!,继续努力采摘吧！,,,DIA_Balor_Perm.description,,
Scripts/content/Story/MISSIONS/DIA_Nov_1304_Balor.d:248,Immer tüchtig weitersammeln!,继续努力采摘吧！,,,DIA_Balor_Perm_15_00,,
Scripts/content/Story/MISSIONS/DIA_Nov_1304_Balor.d:249,"Na klar, was denkst du denn, was ich hier mache? Mir die Eier schaukeln?",当然，你以为我要做什么？,,,DIA_Balor_Perm_01_01,,
Scripts/content/Story/MISSIONS/DIA_Nov_1305_Joru.d:33,Was machst du hier?,你在这里做什么？,,,DIA_Joru_Greet.description,,
Scripts/content/Story/MISSIONS/DIA_Nov_1305_Joru.d:43,Was machst du hier?,你在这里做什么？,,,DIA_Joru_Greet_15_00,,
Scripts/content/Story/MISSIONS/DIA_Nov_1305_Joru.d:44,Ich verbreite die Lehre des Schläfers an die Novizen.,我在把沈睡者的说教讲给这些见习修士们听。,,,DIA_Joru_Greet_07_01,,
Scripts/content/Story/MISSIONS/DIA_Nov_1305_Joru.d:45,"Ich bin selbst noch Novize, aber bald bin ich ein Baal - einer der Gurus.",我自己还是一名见习修士，但是不久我就会成为一名巴尔，一名导师。,,,DIA_Joru_Greet_07_02,,
Scripts/content/Story/MISSIONS/DIA_Nov_1305_Joru.d:46,"Ich habe sogar schon mit Y'Berion geredet. Er ist der Auserwählte. Er hat mir gesagt, wenn ich hart an mir arbeite, bin ich bald selbst ein Meister.",我甚至还与 贝理昂说过话，他告诉我如果我努力工作，我很快就会成为自己的主人。,,,DIA_Joru_Greet_07_03,,
Scripts/content/Story/MISSIONS/DIA_Nov_1305_Joru.d:47,Aber ich schiebe das so'n bisschen vor mir her. Eilt ja nicht - verstehst du? Meister kann ich ja immer noch werden.,如今此事还在拖延着。没有快点的意思－－你明白吗？但是我还是可以成为一个主人的。,,,DIA_Joru_Greet_07_04,,
Scripts/content/Story/MISSIONS/DIA_Nov_1305_Joru.d:48,Im Moment bin ich ganz zufrieden mit meiner jetzigen Aufgabe.,此刻，我十分乐于做当前的事。,,,DIA_Joru_Greet_07_05,,
Scripts/content/Story/MISSIONS/DIA_Nov_1305_Joru.d:60,Was ist deine Aufgabe hier?,你的任务是什么？,,,DIA_Joru_Tester.description,,
Scripts/content/Story/MISSIONS/DIA_Nov_1305_Joru.d:73,Was ist deine Aufgabe hier?,你的任务是什么？,,,DIA_Joru_Tester_15_00,,
Scripts/content/Story/MISSIONS/DIA_Nov_1305_Joru.d:74,"Ich teste mit den Jungs hier die neuen Substanzen, die Cor Kalom in seinem Alchimielabor entwickelt.",我负责和我的朋友们一起检验寇尔卡隆实验室所需要的新东西。,,,DIA_Joru_Tester_07_01,,
Scripts/content/Story/MISSIONS/DIA_Nov_1305_Joru.d:75,Sein Gehilfe bringt alle paar Tage was Neues raus. Und wir testen es dann.,他的助手每隔几天会给我们一些新东西。于是我们就检验它们。,,,DIA_Joru_Tester_07_02,,
Scripts/content/Story/MISSIONS/DIA_Nov_1305_Joru.d:76,"Dieses Kraut öffnet deinen Geist. Wenn du die richtige Menge einnimmst, kannst du in Kontakt mit dem Schläfer treten.",沼泽烟草可以展现你的精神。如果你拿的数量很多，就能和沈睡者取得联系。,,,DIA_Joru_Tester_07_03,,
Scripts/content/Story/MISSIONS/DIA_Nov_1305_Joru.d:88,Hattest du schon Kontakt zum Schläfer?,你和沈睡者联系过吗？,,,DIA_Joru_SleeperContact.description,,
Scripts/content/Story/MISSIONS/DIA_Nov_1305_Joru.d:101,Hattest du schon Kontakt zum Schläfer?,你和沈睡者联系过吗？,,,DIA_Joru_SleeperContact_15_00,,
Scripts/content/Story/MISSIONS/DIA_Nov_1305_Joru.d:102,Nein. Bis jetzt noch nicht. Wir kriegen auch nie genug von dem Zeug.,没有。还没有。但那是因为我们从来没有得到过足够的沼泽烟草。,,,DIA_Joru_SleeperContact_07_01,,
Scripts/content/Story/MISSIONS/DIA_Nov_1305_Joru.d:103,"Kalom will zwar immer von mir wissen, wie die Wirkung war, aber ich habe den Eindruck, meine Meinung interessiert ihn gar nicht so sehr.",卡隆 总是想听听有关它的影响，但是在我的印像中，他对我的观点根本不是真正的感兴趣。,,,DIA_Joru_SleeperContact_07_02,,
Scripts/content/Story/MISSIONS/DIA_Nov_1305_Joru.d:104,"Wenn ich die Wirkung anregend fand, gibt er das Zeug direkt weiter an die Gurus ...",如果我找到了振奋精神的东西，他就会把它直接给导师．．．,,,DIA_Joru_SleeperContact_07_03,,
Scripts/content/Story/MISSIONS/DIA_Nov_1305_Joru.d:105,"Aber bald bin ich ja selber ein Guru, dann kann ich bis an meine Grenzen gehen und auch die Stimme des Schläfers vernehmen.",但是不久，我就会成为一名导师，那样我就能亲自聆听沈睡者的声音了。,,,DIA_Joru_SleeperContact_07_04,,
Scripts/content/Story/MISSIONS/DIA_Nov_1305_Joru.d:119,Ich will mich eurem Lager anschließen - kannst du mir dabei helfen?,我想加入你们的营地－－你能帮我吗？,,,DIA_Joru_JoinPsi.description,,
Scripts/content/Story/MISSIONS/DIA_Nov_1305_Joru.d:133,Ich will mich eurem Lager anschließen - kannst du mir dabei helfen?,我想加入你们的营地－－你能帮我吗？,,,DIA_Joru_JoinPsi_15_00,,
Scripts/content/Story/MISSIONS/DIA_Nov_1305_Joru.d:134,"Du willst bei uns mitmachen? Das ist gut! Warte mal ... Ja, ich glaube, ich kann dir helfen.",你想加入我们？很好！请等等．．．是的，我想我能帮你。,,,DIA_Joru_JoinPsi_07_01,,
Scripts/content/Story/MISSIONS/DIA_Nov_1305_Joru.d:135,"Ich bin zwar noch kein Guru, aber ich habe einigen Einfluss in der Bruderschaft.",虽然我还不是一名导师，但是我在兄弟会里还有一些影响力。,,,DIA_Joru_JoinPsi_07_02,,
Scripts/content/Story/MISSIONS/DIA_Nov_1305_Joru.d:136,Du müsstest mir einen kleinen Gefallen tun. Bist du schon bei Fortuno gewesen?,你必须让我满意。你见过法图诺了吗？,,,DIA_Joru_JoinPsi_07_03,,
Scripts/content/Story/MISSIONS/DIA_Nov_1305_Joru.d:139,Nein.,不。,,,DIA_Joru_JoinPsi.DIA_Joru_JoinPsi_Nein,Info_AddChoice,
Scripts/content/Story/MISSIONS/DIA_Nov_1305_Joru.d:140,Ja.,是。,,,DIA_Joru_JoinPsi.DIA_Joru_JoinPsi_Ja,Info_AddChoice,
Scripts/content/Story/MISSIONS/DIA_Nov_1305_Joru.d:145,"Dann hast du bestimmt schon deine tägliche Ration bekommen? Wenn du sie mir überlässt, sind wir im Geschäft.",那样你就有你的日常供应了，如果你把它给我，我们就能成为伙伴。,,,DIA_Joru_JoinPsi_Ja_07_00,,
Scripts/content/Story/MISSIONS/DIA_Nov_1305_Joru.d:146,Ich denke drüber nach.,我会考虑的。,,,DIA_Joru_JoinPsi_Ja_15_01,,
Scripts/content/Story/MISSIONS/DIA_Nov_1305_Joru.d:154,"Dann geh zu ihm und hol dir deine tägliche Ration ab. Wenn du mir alles Sumpfkraut überlässt, das er dir gibt, sind wir im Geschäft.",去吧，去看看他，收集你日常的定量。如果你把他给你的所有沼泽烟草给留给我，那么我们就是在做生意了。,,,DIA_Joru_JoinPsi_Nein_07_00,,
Scripts/content/Story/MISSIONS/DIA_Nov_1305_Joru.d:155,Ich denk drüber nach.,我会考虑的。,,,DIA_Joru_JoinPsi_Nein_15_01,,
Scripts/content/Story/MISSIONS/DIA_Nov_1305_Joru.d:175,Ich habe Sumpfkraut bei mir. Du kannst es haben.,我有一些沼泽烟草。你可以拥有它们。,,,DIA_Joru_JointsRunning.description,,
Scripts/content/Story/MISSIONS/DIA_Nov_1305_Joru.d:188,Ich habe Sumpfkraut bei mir. Du kannst es haben.,我有一些沼泽烟草。你可以拥有它们。,,,DIA_Joru_JointsRunning_15_00,,
Scripts/content/Story/MISSIONS/DIA_Nov_1305_Joru.d:192,"Gut! Du hast sicher schon bemerkt, dass so gut wie keiner der Gurus mit dir reden will.",好！你一定注意到没有导师想和你说话。,,,DIA_Joru_JointsRunning_07_01,,
Scripts/content/Story/MISSIONS/DIA_Nov_1305_Joru.d:193,"Du kannst das ändern, indem du sie beeindruckst. Ich kann dir verraten, wie du das anstellst.",你必须引起他们的兴趣。我可以告诉你怎样去做。,,,DIA_Joru_JointsRunning_07_02,,
Scripts/content/Story/MISSIONS/DIA_Nov_1305_Joru.d:202,"Drei Schwarzer Weiser waren ausgemacht, und nichts anderes! Besorg mir erst das Kraut, DANN sind wir im Geschäft!",我们同意！给我沼泽烟草，然后我们就成交了！,,,DIA_Joru_JointsRunning_NO_JOINTS_07_00,,
Scripts/content/Story/MISSIONS/DIA_Nov_1305_Joru.d:218,Wie kann ich die Gurus beeindrucken?,我怎么能引起导师的注意？,,,DIA_Joru_ImpressGurus.description,,
Scripts/content/Story/MISSIONS/DIA_Nov_1305_Joru.d:231,Wie kann ich die Gurus beeindrucken?,我怎么能引起导师的注意？,,,DIA_Joru_ImpressGurus_15_00,,
Scripts/content/Story/MISSIONS/DIA_Nov_1305_Joru.d:232,Baal Cadar unterrichtet die Novizen in der Magie des Schläfers.,巴尔．卡塔尔负责指导见习修士们学习沈睡者的魔法。,,,DIA_Joru_ImpressGurus_07_01,,
Scripts/content/Story/MISSIONS/DIA_Nov_1305_Joru.d:233,"Wenn du seine Aufmerksamkeit willst, wende Magie an.",若你想引起他的注意，就使用魔法吧。,,,DIA_Joru_ImpressGurus_07_02,,
Scripts/content/Story/MISSIONS/DIA_Nov_1305_Joru.d:234,Aber blas ihm keine Windfaust um die Ohren! Versetze einen seiner Zuhörer in Schlaf oder so was.,但是不要使用暴风魔法！只需把他的听众催眠，或像这样的其他事即可。,,,DIA_Joru_ImpressGurus_07_03,,
Scripts/content/Story/MISSIONS/DIA_Nov_1305_Joru.d:235,"Baal Namib vorne am Haupttor ist einer der harten Brocken. Ich denke, bei ihm kann dir Lester helfen. Sprich ihn drauf an, wenn sein Meister gerade nicht dabei ist.",巴尔．那米在正大门那里，他是最凶恶的家伙之一。我认为他至少能够帮助你。一旦他主人离开时，你就过去与他说话。,,,DIA_Joru_ImpressGurus_07_04,,
Scripts/content/Story/MISSIONS/DIA_Nov_1305_Joru.d:236,Die anderen Gurus sind eigentlich ganz in Ordnung - versuch dich einfach nützlich zu machen.,其他导师基本上十分好对付，尽量去干吧。,,,DIA_Joru_ImpressGurus_07_05,,
Scripts/content/Story/MISSIONS/DIA_Nov_1305_Joru.d:237,Danke für die Tipps.,谢谢你的建议。,,,DIA_Joru_ImpressGurus_15_06,,
Scripts/content/Story/MISSIONS/DIA_Nov_1305_Joru.d:238,Hey - eine Hand wäscht die andere.,嘿！交易中的交易。,,,DIA_Joru_ImpressGurus_07_07,,
Scripts/content/Story/MISSIONS/DIA_Nov_1305_Joru.d:260,Wie komme ich an die Magie des Schläfers?,我怎么对付沈睡者的魔法？,,,DIA_Joru_GetMagic.description,,
Scripts/content/Story/MISSIONS/DIA_Nov_1305_Joru.d:280,Wie komme ich an die Magie des Schläfers?,我怎么对付沈睡者的魔法？,,,DIA_Joru_GetMagic_15_00,,
Scripts/content/Story/MISSIONS/DIA_Nov_1305_Joru.d:281,"Baal Cadar verkauft Runen und Spruchrollen. Aber das nützt dir ja nicht viel, wenn er nicht mit dir redet, richtig?",巴尔．卡塔尔出售符咒。如果他不和你说话，那对你是没用的，对吧？,,,DIA_Joru_GetMagic_07_01,,
Scripts/content/Story/MISSIONS/DIA_Nov_1305_Joru.d:282,Vielleicht kann einer der anderen Gurus dir helfen.,也许另一个导师可以帮你。,,,DIA_Joru_GetMagic_07_02,,
Scripts/content/Story/MISSIONS/DIA_Nov_1310_Ghorim.d:29,Hi! Wie sieht's aus?,你好！情况如何？,,,DIA_Ghorim_MissingHarlok.description,,
Scripts/content/Story/MISSIONS/DIA_Nov_1310_Ghorim.d:39,Hi! Wie sieht's aus?,你好！情况如何？,,,DIA_Ghorim_MissingHarlok_15_00,,
Scripts/content/Story/MISSIONS/DIA_Nov_1310_Ghorim.d:40,"Ich bin total fertig, Mann. Ich arbeite jetzt schon seit 2 Tagen ohne Pause.",我要累死了，年轻人。我已经连续工作了两天了，一直没休息。,,,DIA_Ghorim_MissingHarlok_02_01,,
Scripts/content/Story/MISSIONS/DIA_Nov_1310_Ghorim.d:41,Harlok sollte mich längst abgelöst haben. Es ist immer dasselbe mir dem Kerl.,哈乐克应该接替年老的人了。总是同样的那个人。,,,DIA_Ghorim_MissingHarlok_02_02,,
Scripts/content/Story/MISSIONS/DIA_Nov_1310_Ghorim.d:42,Er liegt bestimmt noch in seiner Hütte und pennt!,也许他正在他的屋子里躺着睡觉呢！,,,DIA_Ghorim_MissingHarlok_02_03,,
Scripts/content/Story/MISSIONS/DIA_Nov_1310_Ghorim.d:43,Wieso gehst du dann nicht zu ihm und trittst ihm ordentlich in den Hintern?,你为什么不去那儿，把他踢出来呢？,,,DIA_Ghorim_MissingHarlok_15_04,,
Scripts/content/Story/MISSIONS/DIA_Nov_1310_Ghorim.d:44,"Ich kann hier nicht weg, solange Baal Orun die Aufsicht hat - die Arbeit muss getan werden, so oder so!",当 巴尔．欧容 是主管时，用另一种方面来未完成这项工作。,,,DIA_Ghorim_MissingHarlok_02_05,,
Scripts/content/Story/MISSIONS/DIA_Nov_1310_Ghorim.d:45,"Aber du könntest für mich zu ihm gehen - er wohnt unter dem Alchemielabor von Cor Kalom, direkt bei Fortuno.",但是你可以到那儿找我－－他正呆在寇尔卡隆的炼金实验室里。,,,DIA_Ghorim_MissingHarlok_02_06,,
Scripts/content/Story/MISSIONS/DIA_Nov_1310_Ghorim.d:46,"Sag ihm, er soll seinen Hintern hier rüberschwingen.",告诉他来这儿拿他的镐柄。,,,DIA_Ghorim_MissingHarlok_02_07,,
Scripts/content/Story/MISSIONS/DIA_Nov_1310_Ghorim.d:65,Na? Endlich abgelöst worden?,嗯？现在他接管了吗？,,,DIA_Ghorim_SUCCESS.description,,
Scripts/content/Story/MISSIONS/DIA_Nov_1310_Ghorim.d:78,Na? Endlich abgelöst worden?,嗯？现在他接管了吗？,,,DIA_Ghorim_SUCCESS_15_00,,
Scripts/content/Story/MISSIONS/DIA_Nov_1310_Ghorim.d:79,"Ja - jetzt kann ich endlich mal wieder richtig ausschlafen. Danke, Mann!",是的－－我终于可以去睡觉了。谢谢你！,,,DIA_Ghorim_SUCCESS_02_01,,
Scripts/content/Story/MISSIONS/DIA_Nov_1312_Darrion.d:33,Hi - ich bin neu hier und will das Lager kennenlernen.,你好－－我是新来的，我想了解一下营地。,,,DIA_Darrion_Hello.description,,
Scripts/content/Story/MISSIONS/DIA_Nov_1312_Darrion.d:43,Hi - ich bin neu hier und will das Lager kennen lernen.,你好－－我是新来的，我想了解一下营地。,,,DIA_Darrion_Hello_15_00,,
Scripts/content/Story/MISSIONS/DIA_Nov_1312_Darrion.d:44,"Da bist du zum falschen Ort gekommen. Seit sich die Templer zum Kampf rüsten, sind wir Tag und Nacht beschäftigt.",那么你来错地方了。因为圣战士们开始准备战斗了，我们日日夜夜都很忙。,,,DIA_Darrion_Hello_11_01,,
Scripts/content/Story/MISSIONS/DIA_Nov_1312_Darrion.d:45,"Ich hab' nicht viel Zeit für neugierige Fragen. Also stör mich nicht - es sei denn, du willst was kaufen.",我没有很多时间回答你的问题，所以不要打扰我－－除非你想买些东西。,,,DIA_Darrion_Hello_11_02,,
Scripts/content/Story/MISSIONS/DIA_Nov_1312_Darrion.d:62,Ich will mit dir handeln!,我想和你做笔生意！,,,DIA_Darrion_Trade.description,,
Scripts/content/Story/MISSIONS/DIA_Nov_1312_Darrion.d:75,Ich will mit dir handeln!,我想和你做笔生意！,,,DIA_Darrion_Trade_15_00,,
Scripts/content/Story/MISSIONS/DIA_Nov_1312_Darrion.d:76,"Gut! Hier - das sind die Waffen, die ich zurzeit da habe.",好！给－－这些是我这里可用的武器。,,,DIA_Darrion_Trade_11_01,,
Scripts/content/Story/MISSIONS/DIA_Nov_1330_BaalParvez.d:46,"Der Schläfer sei mit dir, Fremder!",愿沈睡者与你同在，陌生人！,,,DIA_BaalParvez_Greet_10_00,,
Scripts/content/Story/MISSIONS/DIA_Nov_1330_BaalParvez.d:47,"Ich bin hier, um dich auf den rechten Weg zu führen.",我来这儿要给你指明一条正路。,,,DIA_BaalParvez_Greet_10_01,,
Scripts/content/Story/MISSIONS/DIA_Nov_1330_BaalParvez.d:59,Und was ist der rechte Weg?,我想和你做笔生意！,,,DIA_BaalParvez_RightWay.description,,
Scripts/content/Story/MISSIONS/DIA_Nov_1330_BaalParvez.d:72,Und was ist der rechte Weg?,我想和你做笔生意！,,,DIA_BaalParvez_RightWay_15_00,,
Scripts/content/Story/MISSIONS/DIA_Nov_1330_BaalParvez.d:73,"Der Weg des Schläfers. Er allein hat die Macht, uns von hier zu befreien.",沈睡者之路。他有能使我们自由的能量。,,,DIA_BaalParvez_RightWay_10_01,,
Scripts/content/Story/MISSIONS/DIA_Nov_1330_BaalParvez.d:74,Im unserem Lager bereiten die Gurus eine große Beschwörung vor - sie wollen mit dem Schläfer in Kontakt treten.,导师们正在我们的营地里准备一次大的祈祷－－他们想与沈睡者取得联系。,,,DIA_BaalParvez_RightWay_10_02,,
Scripts/content/Story/MISSIONS/DIA_Nov_1330_BaalParvez.d:75,"Bisher hat er nur durch Visionen zu uns gesprochen - aber jetzt ist die Zeit gekommen, mit ihm Kontakt aufzunehmen.",不久他就会和我们谈话了，但是现在还不是联系他的时候。,,,DIA_BaalParvez_RightWay_10_03,,
Scripts/content/Story/MISSIONS/DIA_Nov_1330_BaalParvez.d:76,Wir brauchen dazu so viele Anhänger wie möglich. Durch unsere gebündelte geistige Kraft werden wir zu ihm durchdringen.,我们需要大量的支持者。通过集中我们的精神能量，来和他取得联系。,,,DIA_BaalParvez_RightWay_10_04,,
Scripts/content/Story/MISSIONS/DIA_Nov_1330_BaalParvez.d:77,"Unser Lager liegt etwas weiter entfernt in den Sümpfen - Ich kann dich aber hinbringen, falls du es wünschst.",我们的营地离这儿还有一段距离。如果你想去，我可以带你去。,,,DIA_BaalParvez_RightWay_10_05,,
Scripts/content/Story/MISSIONS/DIA_Nov_1330_BaalParvez.d:89,"Was hätte ich davon, mich euch anzuschließen?",加入你们，会有什么好处吗？,,,DIA_BaalParvez_MyAdvantage.description,,
Scripts/content/Story/MISSIONS/DIA_Nov_1330_BaalParvez.d:102,"Was hätte ich davon, mich euch anzuschließen?",加入你们，会有什么好处吗？,,,DIA_BaalParvez_MyAdvantage_15_00,,
Scripts/content/Story/MISSIONS/DIA_Nov_1330_BaalParvez.d:103,"Vielleicht bist du einer der Auserwählten, denen der Schläfer die Gabe der Magie verleiht.",也许你可以收到沈睡者的魔法礼物。,,,DIA_BaalParvez_MyAdvantage_10_01,,
Scripts/content/Story/MISSIONS/DIA_Nov_1330_BaalParvez.d:104,Oder du erreichst die höchsten Ehren und wirst zum Templer berufen. Nur die besten Kämpfer unter uns dürfen diese Position bekleiden.,或者你可能得到最高的荣誉，成为一名圣战士。只有我们最好的战士才可以获得那个位置。,,,DIA_BaalParvez_MyAdvantage_10_02,,
Scripts/content/Story/MISSIONS/DIA_Nov_1330_BaalParvez.d:105,"Wenn der Schläfer mit dir ist, kannst du sogar beides kombinieren - die besten unter den Templern haben nämlich auch die Gabe der Magie.",如果沈睡者和你在一起，你就可以得到双份好处了－－圣战士以及魔法能力。,,,DIA_BaalParvez_MyAdvantage_10_03,,
Scripts/content/Story/MISSIONS/DIA_Nov_1330_BaalParvez.d:106,"Du siehst, in unserer Bruderschaft gibt es viele Möglichkeiten für dich.",你看，加入我们兄弟会是有很多好处的。,,,DIA_BaalParvez_MyAdvantage_10_04,,
Scripts/content/Story/MISSIONS/DIA_Nov_1330_BaalParvez.d:107,"Überzeuge dich selbst davon, bevor du dich vorschnell für ein anderes Lager entscheidest!",你在加入其他营地前，你应该意识到这一点！,,,DIA_BaalParvez_MyAdvantage_10_05,,
Scripts/content/Story/MISSIONS/DIA_Nov_1330_BaalParvez.d:119,Wer ist der Schläfer?,沈睡者是谁？,,,DIA_BaalParvez_Sleeper.description,,
Scripts/content/Story/MISSIONS/DIA_Nov_1330_BaalParvez.d:132,Wer ist der Schläfer?,沈睡者是谁？,,,DIA_BaalParvez_Sleeper_15_00,,
Scripts/content/Story/MISSIONS/DIA_Nov_1330_BaalParvez.d:133,Der Schläfer spricht zu uns durch unsere Träume und Visionen.,沈睡者通过梦和预言和我们说话。,,,DIA_BaalParvez_Sleeper_10_01,,
Scripts/content/Story/MISSIONS/DIA_Nov_1330_BaalParvez.d:134,"Seit er vor fünf Jahren das erste Mal mit Y'Berion in Kontakt trat, hat er uns geleitet.",自从他五年前首次和贝理昂联系后，他就一直引导着我们。,,,DIA_BaalParvez_Sleeper_10_02,,
Scripts/content/Story/MISSIONS/DIA_Nov_1330_BaalParvez.d:135,Alle Anhänger der Bruderschaft haben dem Glauben an die drei Götter abgeschworen. Wir bitten nur noch den Schläfer um Erlösung.,所有兄弟会的信徒与那三个神断绝了关系，我们只祈祷有人来拯救那些沈睡者。,,,DIA_BaalParvez_Sleeper_10_03,,
Scripts/content/Story/MISSIONS/DIA_Nov_1330_BaalParvez.d:136,Erlösung wovon?,拯救什么？,,,DIA_BaalParvez_Sleeper_15_04,,
Scripts/content/Story/MISSIONS/DIA_Nov_1330_BaalParvez.d:137,"Na, von diesem gottverdammten Ort hier! Der Schläfer wird uns den Weg in die Freiheit weisen!",当然是指这个讨厌的地方了！沈睡者会带领我们走向自由的！,,,DIA_BaalParvez_Sleeper_10_05,,
Scripts/content/Story/MISSIONS/DIA_Nov_1330_BaalParvez.d:149,Was hat euch der Schläfer gesagt?,沈睡者告诉你什么了？,,,DIA_BaalParvez_SleeperSaid.description,,
Scripts/content/Story/MISSIONS/DIA_Nov_1330_BaalParvez.d:162,Was hat euch der Schläfer gesagt?,沈睡者告诉你什么了？,,,DIA_BaalParvez_SleeperSaid_15_00,,
Scripts/content/Story/MISSIONS/DIA_Nov_1330_BaalParvez.d:163,"Er hat uns in den Sumpf geführt, zu den alten Tempelruinen. Dort haben wir unser Lager errichtet.",他引导着我们去沼泽地，去那个废弃了的神殿。那就是我们创建营地的地方。,,,DIA_BaalParvez_SleeperSaid_10_01,,
Scripts/content/Story/MISSIONS/DIA_Nov_1330_BaalParvez.d:164,Er hat uns die Unabhängigkeit gegeben - keiner von uns muss mehr in den Minen schuften.,他给我们自主的权力－－我们没人需要在矿里劳动。,,,DIA_BaalParvez_SleeperSaid_10_02,,
Scripts/content/Story/MISSIONS/DIA_Nov_1330_BaalParvez.d:165,"Er hat uns die Wirkung des Sumpfkrauts gezeigt. Wir verkaufen es an die anderen Lager und bekommen dafür alles, was wir brauchen.",他引导我们收获沼泽烟草。我们把它们卖给其他的营地，来换取我们需要的东西。,,,DIA_BaalParvez_SleeperSaid_10_03,,
Scripts/content/Story/MISSIONS/DIA_Nov_1330_BaalParvez.d:166,"Und er gab einigen von uns die Gabe der Magie. Einer alten, mächtigen Magie, verschieden von der, die die Magier des Reiches anwenden.",他将魔法能力赐予我们之中的某些人。这是古老而强大的魔法，不同于这个国度的法师所使用的魔法。,,,DIA_BaalParvez_SleeperSaid_10_04,,
Scripts/content/Story/MISSIONS/DIA_Nov_1330_BaalParvez.d:178,Erzähl mir von der Magie des Schläfers.,请给我讲讲沈睡者的魔法。,,,DIA_BaalParvez_PSIMagic.description,,
Scripts/content/Story/MISSIONS/DIA_Nov_1330_BaalParvez.d:191,Erzähl mir von der Magie des Schläfers.,请给我讲讲沈睡者的魔法。,,,DIA_BaalParvez_PSIMagic_15_00,,
Scripts/content/Story/MISSIONS/DIA_Nov_1330_BaalParvez.d:192,"Diese Gabe verleiht die Fähigkeit, Dinge mit der Kraft deines Willens zu kontrollieren.",这种礼物能使你用自己的精神去控制事物。,,,DIA_BaalParvez_PSIMagic_10_01,,
Scripts/content/Story/MISSIONS/DIA_Nov_1330_BaalParvez.d:193,Nur die Gurus unserer Bruderschaft sind in die Geheimnisse dieser Magie eingeweiht.,只有我们兄弟会的导师才能传授这种的奥秘。,,,DIA_BaalParvez_PSIMagic_10_02,,
Scripts/content/Story/MISSIONS/DIA_Nov_1330_BaalParvez.d:208,Bring mich zu eurem Lager. Das will ich mir ansehen!,带我去你们的营地吧。我想看看它！,,,DIA_BaalParvez_GotoPSI.description,,
Scripts/content/Story/MISSIONS/DIA_Nov_1330_BaalParvez.d:224,Bring mich zu eurem Lager. Das will ich mir ansehen!,带我去你们的营地吧。我想看看它！,,,DIA_BaalParvez_GotoPSI_15_00,,
Scripts/content/Story/MISSIONS/DIA_Nov_1330_BaalParvez.d:237,Sehr gut! Ich werde vorangehen. Folge mir!,很好！我正要去。跟我走吧！,,,DIA_BaalParvez_GotoPSI_10_01,,
Scripts/content/Story/MISSIONS/DIA_Nov_1330_BaalParvez.d:274,Wir sind angekommen. Dort unten liegt das Lager der Bruderschaft.,我们到了。前面就是兄弟营地了。,,,DIA_BaalParvez_AtPSI_10_00,,
Scripts/content/Story/MISSIONS/DIA_Nov_1330_BaalParvez.d:278,"Du hast dir viel Zeit gelassen, Bruder! Da unten siehst du das Lager.",你很从容，朋友！向下走你就会看到营地了。,,,DIA_BaalParvez_AtPSI_LATE_10_00,,
Scripts/content/Story/MISSIONS/DIA_Nov_1330_BaalParvez.d:281,"Geh durch das Tor und rede mit meinen Brüdern. Ich bin sicher, dass du den Weg nicht umsonst gemacht hast.",穿过大门，去和我的弟兄们谈谈吧。,,,DIA_BaalParvez_AtPSI_10_01,,
Scripts/content/Story/MISSIONS/DIA_Nov_1330_BaalParvez.d:282,Frag nach Cor Kalom. Er hat die Aufsicht über die Novizen und die Lehrer.,去拜访一下寇尔卡隆吧。他负责见习修士和助教们。,,,DIA_BaalParvez_AtPSI_10_02,,
Scripts/content/Story/MISSIONS/DIA_Nov_1330_BaalParvez.d:283,"Ich gehe zurück ins alte Lager - es gibt noch viele Unwissende, die auf den richtigen Weg gebracht werden müssen.",我要返回旧营地－－因为那儿还有许多无宗教信仰者，我必须把他们引上正路。,,,DIA_BaalParvez_AtPSI_10_03,,
Scripts/content/Story/MISSIONS/DIA_Nov_1330_BaalParvez.d:284,Viel Glück.,祝你好运。,,,DIA_BaalParvez_AtPSI_15_04,,
Scripts/content/Story/MISSIONS/DIA_Nov_1331_BaaTaran.d:33,Ich bin neu hier. Wer bist du?,我刚来这儿。你是谁？,,,DIA_BaalTaran_Greet.description,,
Scripts/content/Story/MISSIONS/DIA_Nov_1331_BaaTaran.d:43,Ich bin neu hier. Wer bist du?,我刚来这儿。你是谁？,,,DIA_BaalTaran_Greet_15_00,,
Scripts/content/Story/MISSIONS/DIA_Nov_1331_BaaTaran.d:44,Ich bin Baal Taran von der Bruderschaft des Schläfers.,我是沈睡者的兄弟会中的巴尔．塔兰。,,,DIA_BaalTaran_Greet_05_01,,
Scripts/content/Story/MISSIONS/DIA_Nov_1331_BaaTaran.d:56,Was ist die Bruderschaft des Schläfers?,什么是沈睡者的兄弟会？,,,DIA_BaalTaran_Bruderschaft.description,,
Scripts/content/Story/MISSIONS/DIA_Nov_1331_BaaTaran.d:69,Was ist die Bruderschaft des Schläfers?,什么是沈睡者的兄弟会？,,,DIA_BaalTaran_Bruderschaft_15_00,,
Scripts/content/Story/MISSIONS/DIA_Nov_1331_BaaTaran.d:70,Wir sind eine Gemeinschaft von Anhängern eines neuen Glaubens.,我们是一种新宗教的信徒的社团。,,,DIA_BaalTaran_Bruderschaft_05_01,,
Scripts/content/Story/MISSIONS/DIA_Nov_1331_BaaTaran.d:71,"Unser Lager liegt östlich von hier, im Sumpfgebiet. Ich bin hergekommen, um Fremden wie dir die Lehre des Schläfers zu verkünden.",我们的营地位于沼泽地的东部。我来向像你这样的陌生人宣传沈睡者的训教。,,,DIA_BaalTaran_Bruderschaft_05_02,,
Scripts/content/Story/MISSIONS/DIA_Nov_1331_BaaTaran.d:83,Wer ist der Schläfer?,沈睡者是谁？,,,DIA_BaalTaran_Sleeper.description,,
Scripts/content/Story/MISSIONS/DIA_Nov_1331_BaaTaran.d:96,Wer ist der Schläfer?,沈睡者是谁？,,,DIA_BaalTaran_Sleeper_15_00,,
Scripts/content/Story/MISSIONS/DIA_Nov_1331_BaaTaran.d:97,"Der Schläfer ist unser Erlöser. Er hat sich uns vor 5 Jahren durch Y'Berion, unseren Meister, offenbart.",沈睡者是我们的救世主。五年前，他通过我们的主人贝理昂向我们首次训教。,,,DIA_BaalTaran_Sleeper_05_01,,
Scripts/content/Story/MISSIONS/DIA_Nov_1331_BaaTaran.d:98,Seitdem haben wir den drei Göttern abgeschworen. Und das solltest du auch tun.,自从那时，我们就和三位神祗断绝了关系。你也会如此做的。,,,DIA_BaalTaran_Sleeper_05_02,,
Scripts/content/Story/MISSIONS/DIA_Nov_1331_BaaTaran.d:99,"Die Götter haben es zugelassen, dass wir in dieses Gefängnis verbannt wurden. Der Schläfer aber wird uns wieder in die Freiheit führen.",当我们被投放到这个监狱里时，神灵们只是袖手旁观。但是沈睡者带领我们走向自由。,,,DIA_BaalTaran_Sleeper_05_03,,
Scripts/content/Story/MISSIONS/DIA_Nov_1331_BaaTaran.d:111,Erzähl mir von der Lehre des Schläfers.,请告诉我沈睡者的教义。,,,DIA_BaalTaran_Lehre.description,,
Scripts/content/Story/MISSIONS/DIA_Nov_1331_BaaTaran.d:124,Erzähl mir von der Lehre des Schläfers.,请告诉我沈睡者的教义。,,,DIA_BaalTaran_Lehre_15_00,,
Scripts/content/Story/MISSIONS/DIA_Nov_1331_BaaTaran.d:125,"Der Schläfer ist ein mächtiges Wesen, vielleicht sogar mächtiger als Innos, der Gott des Lichts.",沈睡者的能量很大，或许比光明之神英诺斯还要大。,,,DIA_BaalTaran_Lehre_05_01,,
Scripts/content/Story/MISSIONS/DIA_Nov_1331_BaaTaran.d:126,"Im Geiste ist er mit uns. Aber seine Macht ist noch begrenzt. Er schläft einen tausendjährigen Schlaf, aber die Zeit seines Erwachens ist nahe.",他与我们的精神同在。但是他的能量还是有限的。他已经睡了一千年了，但是现在快到他醒来的时候了。,,,DIA_BaalTaran_Lehre_05_02,,
Scripts/content/Story/MISSIONS/DIA_Nov_1331_BaaTaran.d:127,"Uns hat er auserwählt, sein Erwachen zu bezeugen und seine Lehre zu verbreiten.",他选择了我们去证明他的苏醒，并为他传教。,,,DIA_BaalTaran_Lehre_05_03,,
Scripts/content/Story/MISSIONS/DIA_Nov_1331_BaaTaran.d:128,"Denn höre, diejenigen, die sich dem Schläfer anschließen, deren Seelen werden unsterblich, aber die, die ihm entsagen oder sich gar gegen ihn stellen, werden vernichtet werden.",所以听着，所有拥护沈睡者的人都会拥有不朽的精神，而反对他的人都会受到惩罚。,,,DIA_BaalTaran_Lehre_05_04,,
Scripts/content/Story/MISSIONS/DIA_Nov_1331_BaaTaran.d:129,Aber der Schläfer ist barmherzig und gibt allen Zweiflern einen Beweis seiner Macht.,但是沈睡者是很有同情心的，他会向怀疑他的人，派出一些能显示他力量的证据。,,,DIA_BaalTaran_Lehre_05_05,,
Scripts/content/Story/MISSIONS/DIA_Nov_1331_BaaTaran.d:141,Wie soll der Weg in die Freiheit aussehen?,什么是通往自由之路？,,,DIA_BaalTaran_Freiheit.description,,
Scripts/content/Story/MISSIONS/DIA_Nov_1331_BaaTaran.d:154,Wie soll der Weg in die Freiheit aussehen?,什么是通往自由之路？,,,DIA_BaalTaran_Freiheit_15_00,,
Scripts/content/Story/MISSIONS/DIA_Nov_1331_BaaTaran.d:155,"Wir bereiten eine große Anrufung des Schläfers vor, in der alle Novizen zusammen den Kontakt herstellen.",我们正在准备一次大型的沈睡者祈祷仪式，到那里，所有的见习修士要一起联系沈睡者。,,,DIA_BaalTaran_Freiheit_05_01,,
Scripts/content/Story/MISSIONS/DIA_Nov_1331_BaaTaran.d:156,In dieser Anrufung wird uns der Schläfer den Weg in die Freiheit offenbaren.,在祈祷中，沈睡者会显示出通往自由之道路。,,,DIA_BaalTaran_Freiheit_05_02,,
Scripts/content/Story/MISSIONS/DIA_Nov_1331_BaaTaran.d:168,Wie beweist euch euer Gott seine Macht?,你的神怎样证明他的力量？,,,DIA_BaalTaran_Beweis.description,,
Scripts/content/Story/MISSIONS/DIA_Nov_1331_BaaTaran.d:181,Wie beweist euch euer Gott seine Macht?,你的神怎样证明他的力量？,,,DIA_BaalTaran_Beweis_15_00,,
Scripts/content/Story/MISSIONS/DIA_Nov_1331_BaaTaran.d:182,"Er spricht zu uns durch Visionen. Wer seine Stimme gehört hat, zweifelt nicht mehr an seiner Macht.",他通过预言和我们说话，听过他声音的人，就不再怀疑他的力量了。,,,DIA_BaalTaran_Beweis_05_01,,
Scripts/content/Story/MISSIONS/DIA_Nov_1331_BaaTaran.d:183,"Wenn man das Kraut, das im Sumpf wächst, einnimmt, ist man dem Schläfer nahe und kann ihn hören. Manche sehen auch Bilder.",如果你带了沼泽地生长的沼泽烟草，你就会接近沈睡者，并能听到他说话。一些人甚至能看到图像。,,,DIA_BaalTaran_Beweis_05_02,,
Scripts/content/Story/MISSIONS/DIA_Nov_1331_BaaTaran.d:184,Verstehe.,明白。,,,DIA_BaalTaran_Beweis_15_03,,
Scripts/content/Story/MISSIONS/DIA_Nov_1331_BaaTaran.d:196,Wie komme ich zum Lager der Bruderschaft?,我怎样能加入兄弟会营地？,,,DIA_BaalTaran_WayToST.description,,
Scripts/content/Story/MISSIONS/DIA_Nov_1331_BaaTaran.d:209,Wie komme ich zum Lager der Bruderschaft?,我怎样能加入兄弟会营地？,,,DIA_BaalTaran_WayToST_15_00,,
Scripts/content/Story/MISSIONS/DIA_Nov_1331_BaaTaran.d:210,Ich bin gerade beschäftigt. Aber Baal Parvez müsste sich auch hier im Lager befinden.,我很忙。但是巴尔．帕菲兹应该也在营地里。,,,DIA_BaalTaran_WayToST_05_01,,
Scripts/content/Story/MISSIONS/DIA_Nov_1331_BaaTaran.d:211,"Er ist in der Nähe des Marktplatzes, auf der andern Seite der Burg. Ich glaube, er hat dort sogar 'ne eigene Hütte.",他在城堡另一边，靠近市场的地方。我想他的小屋就在那儿。,,,DIA_BaalTaran_WayToST_05_02,,
Scripts/content/Story/MISSIONS/DIA_Nov_1331_BaaTaran.d:232,Ich muss in die Burg. Kannst du mir dabei helfen?,我需要进入城堡，你能帮我吗？,,,DIA_BaalTaran_IntoCastle.description,,
Scripts/content/Story/MISSIONS/DIA_Nov_1331_BaaTaran.d:245,Ich muss in die Burg. Kannst du mir dabei helfen?,我需要进入城堡，你能帮我吗？,,,DIA_BaalTaran_IntoCastle_15_00,,
Scripts/content/Story/MISSIONS/DIA_Nov_1331_BaaTaran.d:246,"Ich fürchte nicht, Bruder. Die einzigen von uns, die die Burg betreten dürfen, sind diejenigen, die Gomez das Kraut liefern.",恐怕我不能帮你，兄弟。只有那些能向葛梅兹提供沼泽烟草的人才可以进入城堡。,,,DIA_BaalTaran_IntoCastle_05_01,,
Scripts/content/Story/MISSIONS/DIA_Nov_1331_BaaTaran.d:247,"Wir ernten Sumpfkraut und verkaufen einen Teil davon ans Alte Lager, zum Austausch gegen Waren aus der Außenwelt.",我们收集沼泽烟草，并把部分卖给了旧营地，以换取外面世界的货物。,,,DIA_BaalTaran_IntoCastle_05_02,,
Scripts/content/Story/MISSIONS/DIA_Nov_1331_BaaTaran.d:248,"Wenn du einer der Kuriere wärst, die für Cor Kalom arbeiten, könntest du in die Burg kommen. Aber dazu müsstest du natürlich einer von uns sein.",如果你是为寇尔卡隆送快信的人，那么你可以进入城堡。但是那样的话，你必须加入我们。,,,DIA_BaalTaran_IntoCastle_05_03,,
Scripts/content/Story/MISSIONS/DIA_Nov_1331_BaaTaran.d:249,Was willst du überhaupt in der Burg?,你想到城堡里做什么呢？,,,DIA_BaalTaran_IntoCastle_05_04,,
Scripts/content/Story/MISSIONS/DIA_Nov_1331_BaaTaran.d:252,Ich will dort jemanden treffen.,我想在那儿找个人。,,,DIA_BaalTaran_IntoCastle.DIA_BaalTaran_IntoCastle_MeetSomeone,Info_AddChoice,
Scripts/content/Story/MISSIONS/DIA_Nov_1331_BaaTaran.d:253,Ich habe einen Brief für den obersten Feuermagier.,我有一封给高级火界法师的信。,,,DIA_BaalTaran_IntoCastle.DIA_BaalTaran_IntoCastle_Letter,Info_AddChoice,
Scripts/content/Story/MISSIONS/DIA_Nov_1331_BaaTaran.d:258,Ich will dort jemanden treffen.,我想在那儿找个人。,,,DIA_BaalTaran_IntoCastle_MeetSomeone_15_00,,
Scripts/content/Story/MISSIONS/DIA_Nov_1331_BaaTaran.d:259,"So? Wen? Und wieso wartest du nicht einfach, bis er rauskommt?",是吗？谁？你为什么不等他出来呢？,,,DIA_BaalTaran_IntoCastle_MeetSomeone_05_01,,
Scripts/content/Story/MISSIONS/DIA_Nov_1331_BaaTaran.d:261,Das geht dich nichts an.,那不关你的事。,,,DIA_BaalTaran_IntoCastle.DIA_BaalTaran_IntoCastle_ForgetIt,Info_AddChoice,
Scripts/content/Story/MISSIONS/DIA_Nov_1331_BaaTaran.d:262,Es ist einer der Magier.,他是一名法师。,,,DIA_BaalTaran_IntoCastle.DIA_BaalTaran_IntoCastle_Mage,Info_AddChoice,
Scripts/content/Story/MISSIONS/DIA_Nov_1331_BaaTaran.d:267,Ich habe einen Brief für den obersten Feuermagier.,我有一封给高级火界法师的信。,,,DIA_BaalTaran_IntoCastle_Letter_15_00,,
Scripts/content/Story/MISSIONS/DIA_Nov_1331_BaaTaran.d:268,"Ach? Und woher hast du den? Den haben dir die Magier gegeben, bevor sie dich hier reingeworfen haben, richtig?",噢？你从哪儿带来的？是法师把你派到这儿之前给的你，对吧？,,,DIA_BaalTaran_IntoCastle_Letter_05_01,,
Scripts/content/Story/MISSIONS/DIA_Nov_1331_BaaTaran.d:269,"Du bist ganz schön dumm, das so rum zu erzählen. Aber keine Sorge - ich behalt's für mich.",你竟然笨到告诉人们这件事情。但是不用担心，我不会告诉别人。,,,DIA_BaalTaran_IntoCastle_Letter_05_02,,
Scripts/content/Story/MISSIONS/DIA_Nov_1331_BaaTaran.d:270,"Nur tu dir selber einen Gefallen und erzähl es keinem anderen, ja? Die Leute hier schneiden dir für so was die Kehle durch!",但是帮你一个忙吧，不要告诉其他任何人。这儿的人可能会为像这样的事而割断一个人的喉咙！,,,DIA_BaalTaran_IntoCastle_Letter_05_03,,
Scripts/content/Story/MISSIONS/DIA_Nov_1331_BaaTaran.d:271,"Die Belohnung, die es für eine Nachricht aus der Außenwelt gibt, will jeder gerne kassieren.",大多数人喜欢赚取你从外面世界带来的信的报酬。,,,DIA_BaalTaran_IntoCastle_Letter_05_04,,
Scripts/content/Story/MISSIONS/DIA_Nov_1331_BaaTaran.d:278,Es ist einer der Magier.,他是一名法师。,,,DIA_BaalTaran_IntoCastle_Mage_15_00,,
Scripts/content/Story/MISSIONS/DIA_Nov_1331_BaaTaran.d:279,"Oh! Tja, die kommen wirklich nie raus. Da musst du schon in die Burg rein.",噢！嗯，他们从来没有离开过城堡。你真的必须进去了。,,,DIA_BaalTaran_IntoCastle_Mage_05_01,,
Scripts/content/Story/MISSIONS/DIA_Nov_1331_BaaTaran.d:280,Was willst du denn von denen? Magische Runen kaufen? Oder Tränke?,你想和他们要什么呢？魔法符咒？或药剂？,,,DIA_BaalTaran_IntoCastle_Mage_05_02,,
Scripts/content/Story/MISSIONS/DIA_Nov_1331_BaaTaran.d:283,Stimmt genau.,那好吧。,,,DIA_BaalTaran_IntoCastle.DIA_BaalTaran_IntoCastle_Exactly,Info_AddChoice,
Scripts/content/Story/MISSIONS/DIA_Nov_1331_BaaTaran.d:288,Das geht dich nichts an.,那不关你的事。,,,DIA_BaalTaran_IntoCastle_ForgetIt_15_00,,
Scripts/content/Story/MISSIONS/DIA_Nov_1331_BaaTaran.d:289,"Ist ja schon gut, Mann. Ich wollte dir nur helfen ...",好吧，年轻人。我只是想帮助．．．,,,DIA_BaalTaran_IntoCastle_ForgetIt_05_01,,
Scripts/content/Story/MISSIONS/DIA_Nov_1331_BaaTaran.d:295,Stimmt genau.,那好吧。,,,DIA_BaalTaran_IntoCastle_Exactly_15_00,,
Scripts/content/Story/MISSIONS/DIA_Nov_1331_BaaTaran.d:296,Wusste ich's doch! Was will ein Typ wie du auch sonst wohl von den Magiern.,我知道了！像你这样的人会想和法师索取别的东西。,,,DIA_BaalTaran_IntoCastle_Exactly_05_01,,
Scripts/content/Story/MISSIONS/DIA_Nov_1331_BaaTaran.d:297,Ich kann dir 'nen guten Rat geben: Vergiss die Magier. Die nehmen viel zu viel Erz für ihren Kram.,我给你提个好建议：忘记那些法师吧。他们最看重的是矿石。,,,DIA_BaalTaran_IntoCastle_Exactly_05_02,,
Scripts/content/Story/MISSIONS/DIA_Nov_1331_BaaTaran.d:298,Bei uns im Lager kannst du viel billiger an magische Runen und Tränke herankommen.,在我们的营地里，符石和药剂是非常便宜的。,,,DIA_BaalTaran_IntoCastle_Exactly_05_03,,
Scripts/content/Story/MISSIONS/DIA_Nov_1332_BaalKagan.d:33,"Du bist aus dem Lager der Sekte, richtig?",你来自学派营地，是吧？,,,DIA_BaalKagan_Hello.description,,
Scripts/content/Story/MISSIONS/DIA_Nov_1332_BaalKagan.d:43,"Du bist aus dem Lager der Sekte, richtig?",你来自学派营地，是吧？,,,DIA_BaalKagan_Hello_15_00,,
Scripts/content/Story/MISSIONS/DIA_Nov_1332_BaalKagan.d:44,Wir nennen es die Bruderschaft.,我们称之为兄弟会。,,,DIA_BaalKagan_Hello_13_01,,
Scripts/content/Story/MISSIONS/DIA_Nov_1332_BaalKagan.d:45,Ich bin Baal Kagan. Der Schläfer sei mit dir.,我是巴尔．卡甘。愿沈睡者与你同在。,,,DIA_BaalKagan_Hello_13_02,,
Scripts/content/Story/MISSIONS/DIA_Nov_1332_BaalKagan.d:57,Was machst du hier?,你在这里做什么？,,,DIA_BaalKagan_WhyHere.description,,
Scripts/content/Story/MISSIONS/DIA_Nov_1332_BaalKagan.d:70,Was machst du hier?,你在这里做什么？,,,DIA_BaalKagan_WhyHere_15_00,,
Scripts/content/Story/MISSIONS/DIA_Nov_1332_BaalKagan.d:71,"Ursprünglich bin ich hierhin entsandt worden, um für unsere Gemeinschaft zu werben.",起初，我被派到这儿来说服人们加入我们的兄弟会。,,,DIA_BaalKagan_WhyHere_13_01,,
Scripts/content/Story/MISSIONS/DIA_Nov_1332_BaalKagan.d:72,Aber diese Barbaren wollen nichts wissen von geistiger Erleuchtung. So beschränke ich mich auf den Verkauf von Sumpfkraut.,但是这些野蛮人对心灵教育不感兴趣。因此，我必须在这里出售沼泽烟草。,,,DIA_BaalKagan_WhyHere_13_02,,
Scripts/content/Story/MISSIONS/DIA_Nov_1332_BaalKagan.d:73,Dies wiederum wird hier sehr gerne gesehen. Zu gerne. Ich kann allein kaum alle meine Kunden beliefern.,那是在这儿最普通的职业。太普通了。我几乎供应不起他们的需求了。,,,DIA_BaalKagan_WhyHere_13_03,,
Scripts/content/Story/MISSIONS/DIA_Nov_1332_BaalKagan.d:90,Zeig mir deine Waren.,给我看看你的货。,,,DIA_BaalKagan_TRADE.description,,
Scripts/content/Story/MISSIONS/DIA_Nov_1332_BaalKagan.d:103,Zeig mir deine Waren.,给我看看你的货。,,,DIA_BaalKagan_TRADE_15_00,,
Scripts/content/Story/MISSIONS/DIA_Nov_1332_BaalKagan.d:104,Wie du wünschst.,如你所愿。,,,DIA_BaalKagan_TRADE_13_01,,
Scripts/content/Story/MISSIONS/DIA_Nov_1332_BaalKagan.d:116,Warum schicken sie nicht einen weiteren Mann?,他们为什么不再派一个人来这儿？,,,DIA_BaalKagan_OrderHelp.description,,
Scripts/content/Story/MISSIONS/DIA_Nov_1332_BaalKagan.d:129,Warum schicken sie nicht einen weiteren Mann?,他们为什么不再派一个人来这儿？,,,DIA_BaalKagan_OrderHelp_15_00,,
Scripts/content/Story/MISSIONS/DIA_Nov_1332_BaalKagan.d:130,"Baal Isidro sollte mich unterstützen, aber er sitzt den ganzen Tag in der Kneipe auf dem See und tauscht sein Kraut gegen Reisschnaps ein.",巴尔．以西卓打算帮我的，但是他仅仅花费整天整天的时间在湖边的酒吧里，用他的沼泽烟草交换米酒。,,,DIA_BaalKagan_OrderHelp_13_01,,
Scripts/content/Story/MISSIONS/DIA_Nov_1332_BaalKagan.d:131,"Er ist dem Schnaps verfallen. Ich fürchte, von ihm ist keine Hilfe zu erwarten.",他已经沉溺进去了。恐怕我不能期望他的任何帮助了。,,,DIA_BaalKagan_OrderHelp_13_02,,
Scripts/content/Story/MISSIONS/DIA_Nov_1332_BaalKagan.d:150,"Ich könnte dir helfen, dein Kraut unter die Leute zu bringen.",我能帮你把沼泽烟草卖给人们。,,,DIA_BaalKagan_WannaHelp.description,,
Scripts/content/Story/MISSIONS/DIA_Nov_1332_BaalKagan.d:163,"Ich könnte dir helfen, dein Kraut unter die Leute zu bringen.",我能帮你把沼泽烟草卖给人们。,,,DIA_BaalKagan_WannaHelp_15_00,,
Scripts/content/Story/MISSIONS/DIA_Nov_1332_BaalKagan.d:164,"Eine so große Menge Kraut kann ich dir nur anvertrauen, wenn du ein Mitglied der Bruderschaft bist.",我只信任把这份工作分配给兄弟会的人。,,,DIA_BaalKagan_WannaHelp_13_01,,
Scripts/content/Story/MISSIONS/DIA_Nov_1332_BaalKagan.d:165,"Aber du könntest mir helfen, Geschenke zu verteilen.",但是你可以帮我分发沼泽烟草。,,,DIA_BaalKagan_WannaHelp_13_02,,
Scripts/content/Story/MISSIONS/DIA_Nov_1332_BaalKagan.d:166,"Es sind noch nicht alle hier auf den Geschmack gekommen. Wenn sie erst einmal unser Kraut gekostet haben, werden sie mehr verlangen und ich kann mehr verkaufen.",不是每个人都尝过我的货。但是只要他们尝过，他们就会想要更多的货，那就意味着我能卖得更多。,,,DIA_BaalKagan_WannaHelp_13_03,,
Scripts/content/Story/MISSIONS/DIA_Nov_1332_BaalKagan.d:167,"Ich denke, du schaffst es JETZT schon kaum, deine Aufgabe zu erfüllen.",我认为你几乎不能完成任务了。,,,DIA_BaalKagan_WannaHelp_15_04,,
Scripts/content/Story/MISSIONS/DIA_Nov_1332_BaalKagan.d:168,Für Baal Isidro wird bald gesorgt. Ich habe schon eine Nachricht an Cor Kalom geschickt.,巴尔．以西卓不久就会负责此事。我已经送信给寇尔卡隆了。,,,DIA_BaalKagan_WannaHelp_13_05,,
Scripts/content/Story/MISSIONS/DIA_Nov_1332_BaalKagan.d:180,Wenn ich das Kraut für dich verteile - was ist für mich drin?,如果我为你分发沼泽烟草，我会得到什么好处？,,,DIA_BaalKagan_WasDrin.description,,
Scripts/content/Story/MISSIONS/DIA_Nov_1332_BaalKagan.d:193,Wenn ich das Kraut für dich verteile - was ist für mich drin?,如果我为你分发沼泽烟草，我会得到什么好处？,,,DIA_BaalKagan_WasDrin_15_00,,
Scripts/content/Story/MISSIONS/DIA_Nov_1332_BaalKagan.d:194,Ich kann dich auf viele Arten entlohnen.,我能以不同的方式奖赏你。,,,DIA_BaalKagan_WasDrin_13_01,,
Scripts/content/Story/MISSIONS/DIA_Nov_1332_BaalKagan.d:195,"Du kannst von mir magische Spruchrollen erhalten, die mit mächtiger Magie des Schläfers belegt sind.",你可以得到承受沈睡者魔法能量的魔法符咒。,,,DIA_BaalKagan_WasDrin_13_02,,
Scripts/content/Story/MISSIONS/DIA_Nov_1332_BaalKagan.d:198,"Ich kann dir aber auch helfen, leichter in unsere Gemeinschaft aufgenommen zu werden, wenn du das wünschst. Ich habe sehr gute Kontakte zu Cor Kalom und Baal Tyon.",如果你愿意，或许我能够帮助你加入我们的团体中来。我与 寇尔卡隆 和 巴尔．泰昂有着广泛的接触。,,,DIA_BaalKagan_WasDrin_13_03,,
Scripts/content/Story/MISSIONS/DIA_Nov_1332_BaalKagan.d:199,"Beide stehen Y'Berion, unserem Meister, sehr nahe.",他们都与我们的主人贝理昂有着亲密的关系。,,,DIA_BaalKagan_WasDrin_13_04,,
Scripts/content/Story/MISSIONS/DIA_Nov_1332_BaalKagan.d:202,"Ich kann dich aber auch mit schnödem Erz bezahlen, wenn das dein Wunsch ist. 100 Brocken sollten für deine Mühe genügen.",如果你愿意，我还可以会钱给你。１００个矿块应该足够了。,,,DIA_BaalKagan_WasDrin_13_05,,
Scripts/content/Story/MISSIONS/DIA_Nov_1332_BaalKagan.d:216,"Okay, gib her das Kraut. An wen soll ich es verteilen?",好，给我沼泽烟草。你为什么想让我分发呢？,,,DIA_BaalKagan_GimmeKraut.description,,
Scripts/content/Story/MISSIONS/DIA_Nov_1332_BaalKagan.d:229,"Okay, gib her das Kraut. An wen soll ich es verteilen?",好，给我沼泽烟草。你为什么想让我分发呢？,,,DIA_BaalKagan_GimmeKraut_15_00,,
Scripts/content/Story/MISSIONS/DIA_Nov_1332_BaalKagan.d:230,Du findest sicher leicht Abnehmer. Rede mit den Leuten. Aber gib jedem nur EINEN Stengel.,相信你能找到会接受它们的人。去和人们谈谈。但是每个人只给一粒。,,,DIA_BaalKagan_GimmeKraut_13_01,,
Scripts/content/Story/MISSIONS/DIA_Nov_1332_BaalKagan.d:231,"Noch was: Wenn du dir das Kraut abnehmen lässt oder es selber rauchst, gilt unsere Abmachung nicht mehr.",另外：如果你被人拿走了沼泽烟草，或你自己把它烧掉了，我们的交易就作废。,,,DIA_BaalKagan_GimmeKraut_13_02,,
Scripts/content/Story/MISSIONS/DIA_Nov_1332_BaalKagan.d:232,Sicher.,一定。,,,DIA_BaalKagan_GimmeKraut_15_03,,
Scripts/content/Story/MISSIONS/DIA_Nov_1332_BaalKagan.d:253,Ich habe das Kraut verteilt,我已经分完沼泽烟草了。,,,DIA_BaalKagan_SUCCESS.description,,
Scripts/content/Story/MISSIONS/DIA_Nov_1332_BaalKagan.d:266,Ich habe das Kraut verteilt.,我已经分完沼泽烟草了。,,,DIA_BaalKagan_SUCCESS_15_00,,
Scripts/content/Story/MISSIONS/DIA_Nov_1332_BaalKagan.d:269,Die ersten neuen Kunden waren schon bei mir. Du hast gute Arbeit geleistet.,最初的新客户已经来找我了。你做得很好。,,,DIA_BaalKagan_SUCCESS_13_01,,
Scripts/content/Story/MISSIONS/DIA_Nov_1332_BaalKagan.d:270,Wie soll deine Belohnung aussehen.,你想要什么报酬？,,,DIA_BaalKagan_SUCCESS_13_02,,
Scripts/content/Story/MISSIONS/DIA_Nov_1332_BaalKagan.d:273,Ich nehme das Erz.,我要拿到矿石。,,,DIA_BaalKagan_SUCCESS.DIA_BaalKagan_SUCCESS_Erz,Info_AddChoice,
Scripts/content/Story/MISSIONS/DIA_Nov_1332_BaalKagan.d:276,"Hilf mir, in der Bruderschaft aufgenommen zu werden.",请帮助我加入兄弟会。,,,DIA_BaalKagan_SUCCESS.DIA_BaalKagan_SUCCESS_Join,Info_AddChoice,
Scripts/content/Story/MISSIONS/DIA_Nov_1332_BaalKagan.d:279,Die Spruchrollen interessieren mich - was sind das für Sprüche?,这些符咒很有意思－－有什么类别的？,,,DIA_BaalKagan_SUCCESS.DIA_BaalKagan_SUCCESS_WhatSpells,Info_AddChoice,
Scripts/content/Story/MISSIONS/DIA_Nov_1332_BaalKagan.d:288,Ich habe noch keinen neuen Kunden hier gesehen. Verteil mehr.,我还没见过一个新客户。再分发一些吧！,,,DIA_BaalKagan_NO_SUCCESS_13_00,,
Scripts/content/Story/MISSIONS/DIA_Nov_1332_BaalKagan.d:294,Die Spruchrollen interessieren mich - was sind das für Sprüche?,这些符咒很有意思－－有什么类别的？,,,DIA_BaalKagan_SUCCESS_WhatSpells_15_00,,
Scripts/content/Story/MISSIONS/DIA_Nov_1332_BaalKagan.d:295,"Windfaust, Charme, Telekinese, Pyrokinese und Schlaf. Von diesen Sprüchen darfst du drei wählen.",暴风术、魅惑术、心灵遥感术、佩罗尼丝法术和催眠术。你可以任意挑选三种。,,,DIA_BaalKagan_SUCCESS_WhatSpells_13_01,,
Scripts/content/Story/MISSIONS/DIA_Nov_1332_BaalKagan.d:296,Ich nehme die drei Spruchrollen.,我要得到三种法术滚动条。,,,DIA_BaalKagan_SUCCESS.DIA_BaalKagan_SUCCESS_TakeScrolls,Info_AddChoice,
Scripts/content/Story/MISSIONS/DIA_Nov_1332_BaalKagan.d:302,"Hilf mir, in der Bruderschaft aufgenommen zu werden.",请帮助我加入兄弟会。,,,DIA_BaalKagan_SUCCESS_Join_15_00,,
Scripts/content/Story/MISSIONS/DIA_Nov_1332_BaalKagan.d:303,"Deine Bitte ist bescheiden. Ich werde dir helfen, hör gut zu. Baal Tyon ist einer der niederen Gurus - so wie ich.",你的要求很谦逊。我会帮助你的。听我说－－巴尔．泰昂是一个低级导师－－正像我这样。,,,DIA_BaalKagan_SUCCESS_Join_13_01,,
Scripts/content/Story/MISSIONS/DIA_Nov_1332_BaalKagan.d:304,Y'Berion hat ihn zu einem seiner Berater gemacht. Das ist ihm nicht bekommen.,贝理昂请他作一名顾问。但是那并没给他带来多少好处。,,,DIA_BaalKagan_SUCCESS_Join_13_02,,
Scripts/content/Story/MISSIONS/DIA_Nov_1332_BaalKagan.d:305,"Er hält sich jetzt für so wichtig, dass er mit niemanden außer seinen Schülern mehr redet.",他现在觉得自己很重要，除了自己的信徒，他不与其他人说话。,,,DIA_BaalKagan_SUCCESS_Join_13_03,,
Scripts/content/Story/MISSIONS/DIA_Nov_1332_BaalKagan.d:306,"Wenn du ihm das hier gibst, wird sich seine Zunge lösen.",如果你给他这个，那么他就能更放松。,,,DIA_BaalKagan_SUCCESS_Join_13_04,,
Scripts/content/Story/MISSIONS/DIA_Nov_1332_BaalKagan.d:317,Ich nehme die 100 Erz.,我要１００个矿石。,,,DIA_BaalKagan_SUCCESS_Erz_15_00,,
Scripts/content/Story/MISSIONS/DIA_Nov_1332_BaalKagan.d:318,Wie du willst. Hier.,很好。给你。,,,DIA_BaalKagan_SUCCESS_Erz_13_01,,
Scripts/content/Story/MISSIONS/DIA_Nov_1332_BaalKagan.d:328,Ich nehme die Spruchrollen.,我要符咒。,,,DIA_BaalKagan_SUCCESS_TakeScrolls_15_00,,
Scripts/content/Story/MISSIONS/DIA_Nov_1332_BaalKagan.d:329,Eine gute Entscheidung. Wähle drei aus.,很好的决定。选三种吧。,,,DIA_BaalKagan_SUCCESS_TakeScrolls_13_01,,
Scripts/content/Story/MISSIONS/DIA_Nov_1332_BaalKagan.d:331,Windfaust,暴风术,,,DIA_BaalKagan_SUCCESS.DIA_BaalKagan_SUCCESS_TakeScrolls_Windfaust,Info_AddChoice,
Scripts/content/Story/MISSIONS/DIA_Nov_1332_BaalKagan.d:332,Telekinese,心灵感应,,,DIA_BaalKagan_SUCCESS.DIA_BaalKagan_SUCCESS_TakeScrolls_Telekinese,Info_AddChoice,
Scripts/content/Story/MISSIONS/DIA_Nov_1332_BaalKagan.d:333,Pyrokinese,疯狂,,,DIA_BaalKagan_SUCCESS.DIA_BaalKagan_SUCCESS_TakeScrolls_Pyrokinese,Info_AddChoice,
Scripts/content/Story/MISSIONS/DIA_Nov_1332_BaalKagan.d:334,Schlaf.,催眠术,,,DIA_BaalKagan_SUCCESS.DIA_BaalKagan_SUCCESS_TakeScrolls_Schlaf,Info_AddChoice,
Scripts/content/Story/MISSIONS/DIA_Nov_1332_BaalKagan.d:335,Charme,魅惑术,,,DIA_BaalKagan_SUCCESS.DIA_BaalKagan_SUCCESS_TakeScrolls_Charme,Info_AddChoice,
Scripts/content/Story/MISSIONS/DIA_Nov_1332_BaalKagan.d:349,Das waren drei. Verwende sie weise.,是三种。好好用吧。,,,DIA_BaalKagan_SUCCESS_TakeScrolls_DREI_13_00,,
Scripts/content/Story/MISSIONS/DIA_Nov_1333_BaalIsidro.d:33,Du siehst nicht sehr glücklich aus.,你看起来不是很开心。,,,DIA_BaalIsidro_Hello.description,,
Scripts/content/Story/MISSIONS/DIA_Nov_1333_BaalIsidro.d:43,Du siehst nicht sehr glücklich aus.,你看起来不是很开心。,,,DIA_BaalIsidro_Hello_15_00,,
Scripts/content/Story/MISSIONS/DIA_Nov_1333_BaalIsidro.d:44,Bin ich auch nicht!,我没有！,,,DIA_BaalIsidro_Hello_03_01,,
Scripts/content/Story/MISSIONS/DIA_Nov_1333_BaalIsidro.d:45,Ich muss noch 'nen ganzen Berg Kraut loswerden.,我需要卖掉一大堆沼泽烟草。,,,DIA_BaalIsidro_Hello_03_02,,
Scripts/content/Story/MISSIONS/DIA_Nov_1333_BaalIsidro.d:46,Du bist hier um Waren aus dem Sektenlager zu verkaufen?,你到这儿来卖货吗？,,,DIA_BaalIsidro_Hello_15_03,,
Scripts/content/Story/MISSIONS/DIA_Nov_1333_BaalIsidro.d:47,Ja. Aber ich kann mich einfach nicht aufraffen.,是的。但请不要打扰我。,,,DIA_BaalIsidro_Hello_03_04,,
Scripts/content/Story/MISSIONS/DIA_Nov_1333_BaalIsidro.d:61,"Zeig mir, was du hast.",给我看看你的货。,,,DIA_BaalIsidro_TRADE.description,,
Scripts/content/Story/MISSIONS/DIA_Nov_1333_BaalIsidro.d:74,"Zeig mir, was du hast.",给我看看你的货。,,,DIA_BaalIsidro_TRADE_15_00,,
Scripts/content/Story/MISSIONS/DIA_Nov_1333_BaalIsidro.d:75,Hier ...,给你．．．,,,DIA_BaalIsidro_TRADE_03_01,,
Scripts/content/Story/MISSIONS/DIA_Nov_1333_BaalIsidro.d:87,Ich könnte das Kraut für dich verkaufen - gegen Beteiligung versteht sich.,我可以为你卖沼泽烟草－－当然你可以考虑。,,,DIA_BaalIsidro_GimmeKraut.description,,
Scripts/content/Story/MISSIONS/DIA_Nov_1333_BaalIsidro.d:100,Ich könnte das Kraut für dich verkaufen - gegen Beteiligung versteht sich.,我可以为你卖沼泽烟草－－当然你可以考虑。,,,DIA_BaalIsidro_GimmeKraut_15_00,,
Scripts/content/Story/MISSIONS/DIA_Nov_1333_BaalIsidro.d:101,Vergiss es - so besoffen bin ich nun auch wieder nicht. Du brennst doch einfach damit durch.,不－－我还没醉。你会带着它们逃走的。,,,DIA_BaalIsidro_GimmeKraut_03_01,,
Scripts/content/Story/MISSIONS/DIA_Nov_1333_BaalIsidro.d:117,"Du hast ein Problem. Baal Kagan will dafür sorgen, dass du ersetzt wirst.",我告诉你－－你有一个难题。巴尔．卡甘会确定取代你的。,,,DIA_BaalIsidro_Problem.description,,
Scripts/content/Story/MISSIONS/DIA_Nov_1333_BaalIsidro.d:130,"Ich sag dir was - du hast ein Problem. Baal Kagan will dafür sorgen, dass du ersetzt wirst.",我告诉你－－你有一个难题。巴尔．卡甘会确定取代你的。,,,DIA_BaalIsidro_Problem_15_00,,
Scripts/content/Story/MISSIONS/DIA_Nov_1333_BaalIsidro.d:131,Was? Beim großen Schläfer. Ich muss das Zeug loswerden ...,什么？沈睡者怜悯我了！我必须摆脱掉它们．．．,,,DIA_BaalIsidro_Problem_03_01,,
Scripts/content/Story/MISSIONS/DIA_Nov_1333_BaalIsidro.d:155,Hier - trink noch einen auf meine Rechnung.,你走吧－－再给我拿杯酒来。,,,DIA_BaalIsidro_Drink.description,,
Scripts/content/Story/MISSIONS/DIA_Nov_1333_BaalIsidro.d:168,Hier - trink noch einen auf meine Rechnung.,你走吧－－再给我拿杯酒来。,,,DIA_BaalIsidro_Drink_15_00,,
Scripts/content/Story/MISSIONS/DIA_Nov_1333_BaalIsidro.d:172,"Danke, Mann. Ich trinke auf dein Wohl!",谢谢你。我要为你的健康干杯！,,,DIA_BaalIsidro_Drink_03_01,,
Scripts/content/Story/MISSIONS/DIA_Nov_1333_BaalIsidro.d:221,Was? Wo?,什么？哪儿？,,,DIA_BaalIsidro_NO_Drink_03_00,,
Scripts/content/Story/MISSIONS/DIA_Nov_1333_BaalIsidro.d:237,Überleg's dir - Gib mir das Kraut und wir teilen den Gewinn.,考虑考虑吧－－给我沼泽烟草，我们可以分离利润。,,,DIA_BaalIsidro_ThinkAgain.description,,
Scripts/content/Story/MISSIONS/DIA_Nov_1333_BaalIsidro.d:250,Überleg's dir - Gib mir das Kraut und wir teilen den Gewinn.,考虑考虑吧－－给我沼泽烟草，我们可以分离利润。,,,DIA_BaalIsidro_ThinkAgain_15_00,,
Scripts/content/Story/MISSIONS/DIA_Nov_1333_BaalIsidro.d:254,"Oh Mann, ich muss das Zeug loswerden. Du willst mich doch nicht über's Ohr hauen, oder?",噢，年轻人，我必须摆脱掉它们。你不会想拿我当傻子耍吧？,,,DIA_BaalIsidro_ThinkAgain_03_01,,
Scripts/content/Story/MISSIONS/DIA_Nov_1333_BaalIsidro.d:255,Ich geb' dir mein Wort.,我向你保证。,,,DIA_BaalIsidro_ThinkAgain_15_02,,
Scripts/content/Story/MISSIONS/DIA_Nov_1333_BaalIsidro.d:256,"Gut, hier ist das Zeug... Du müsstest mindestens 400 Erz dafür kriegen. Also 200 für jeden. Ich bin die ganze Zeit hier. Wenn du das Erz hast, komm zurück.",好，这些是给你的．．．你至少应该卖４００个矿石。那样，我们每人分得２００。我会在这儿等着你的。一拿到矿石，你就要马上回来。,,,DIA_BaalIsidro_ThinkAgain_03_03,,
Scripts/content/Story/MISSIONS/DIA_Nov_1333_BaalIsidro.d:257,"Weißt du, wer hier größere Mengen abnimmt?",你知道谁在这儿拿走大量的沼泽烟草了吗？,,,DIA_BaalIsidro_ThinkAgain_15_04,,
Scripts/content/Story/MISSIONS/DIA_Nov_1333_BaalIsidro.d:258,"Wenn ich das wüsste, wär' ich selber losgegangen.",如果我知道我早就走了。,,,DIA_BaalIsidro_ThinkAgain_03_05,,
Scripts/content/Story/MISSIONS/DIA_Nov_1333_BaalIsidro.d:259,"Jetzt, wo ich das Zeug los bin, fühle ich mich schon viel besser.",现在我感觉很好，我已经把它们都卖掉了。,,,DIA_BaalIsidro_ThinkAgain_03_06,,
Scripts/content/Story/MISSIONS/DIA_Nov_1333_BaalIsidro.d:277,"Nee, Mann. Ich schaff das schon noch ...",不，年轻人。我会．．．,,,DIA_BaalIsidro_REFUSE_ThinkAgain_03_00,,
Scripts/content/Story/MISSIONS/DIA_Nov_1333_BaalIsidro.d:290,Ich hab' das Kraut verkauft. Hier sind deine 200 Erz.,我卖完沼泽烟草了。这是给你的２００个矿石。,,,DIA_BaalIsidro_RUNNING.description,,
Scripts/content/Story/MISSIONS/DIA_Nov_1333_BaalIsidro.d:303,Ich hab' das Kraut verkauft.,我卖完沼泽烟草了。,,,DIA_BaalIsidro_RUNNING_15_00,,
Scripts/content/Story/MISSIONS/DIA_Nov_1333_BaalIsidro.d:304,Meine 200?,我的２００个矿石呢？,,,DIA_BaalIsidro_RUNNING_03_01,,
Scripts/content/Story/MISSIONS/DIA_Nov_1333_BaalIsidro.d:308,Hier sind sie.,给你。,,,DIA_BaalIsidro_RUNNING_15_02,,
Scripts/content/Story/MISSIONS/DIA_Nov_1333_BaalIsidro.d:309,Gut ... Jetzt kann mich Baal Kagan mal. (lacht dreckig),好．．．现在我再也不谴责 巴尔．卡甘。,,,DIA_BaalIsidro_RUNNING_03_03,,
Scripts/content/Story/MISSIONS/DIA_Nov_1333_BaalIsidro.d:310,"War ne gute Idee, mit dir Geschäfte zu machen.",和你做生意是个好主意。,,,DIA_BaalIsidro_RUNNING_03_04,,
Scripts/content/Story/MISSIONS/DIA_Nov_1333_BaalIsidro.d:321,Hab ich nicht bei mir.,我不会自己做的。,,,DIA_BaalIsidro_RUNNING_NoOre_15_05,,
Scripts/content/Story/MISSIONS/DIA_Nov_1333_BaalIsidro.d:322,Dann schaff sie ran!,那么就收获吧！,,,DIA_BaalIsidro_RUNNING_NoOre_03_06,,
Scripts/content/Story/MISSIONS/DIA_Nov_1357_Fortuno.d:46,Tritt näher! Hier gibt es ein Willkommensgeschenk für jeden Neuen!,过来！每一个到此地的新来者都会收到一份欢迎的礼物！,,,DIA_Fortuno_Greet_05_00,,
Scripts/content/Story/MISSIONS/DIA_Nov_1357_Fortuno.d:60,Was hast du für mich?,你给我什么？,,,DIA_Fortuno_GetGeschenk.description,,
Scripts/content/Story/MISSIONS/DIA_Nov_1357_Fortuno.d:70,Was hast du für mich?,你给我什么？,,,DIA_Fortuno_GetGeschenk_15_00,,
Scripts/content/Story/MISSIONS/DIA_Nov_1357_Fortuno.d:71,"Hier, nimm drei Rollen Sumpfkraut. Es ist Schwarzer Weiser. Gutes Zeug.",来，拿走三卷沼泽烟草。它们产自北部黑暗地区。很好的货色。,,,DIA_Fortuno_GetGeschenk_05_01,,
Scripts/content/Story/MISSIONS/DIA_Nov_1357_Fortuno.d:72,"Du kannst jeden Tag mehr davon haben, aber wenn du mehr als deine tägliche Ration willst, musst du zahlen.",你每天可以要更多的配给量，但是你如果超出你的定量，你必须付钱。,,,DIA_Fortuno_GetGeschenk_05_02,,
Scripts/content/Story/MISSIONS/DIA_Nov_1357_Fortuno.d:73,"Falls du auf deinem Weg zwischen den Lagern Kräuter und Beeren findest, bring sie zu mir. Ich werde sie dir abkaufen.",如果你在营地间找到了一些浆果或药草，你可以把它们带给我。我会买下它们。,,,DIA_Fortuno_GetGeschenk_05_03,,
Scripts/content/Story/MISSIONS/DIA_Nov_1357_Fortuno.d:93,Ich will mir meine tägliche Ration abholen.,我来收集我的日常供应。,,,DIA_Fortuno_DailyRation.description,,
Scripts/content/Story/MISSIONS/DIA_Nov_1357_Fortuno.d:106,Ich will mir meine tägliche Ration abholen.,我来收集我的日常供应。,,,DIA_Fortuno_DailyRation_15_00,,
Scripts/content/Story/MISSIONS/DIA_Nov_1357_Fortuno.d:109,Hier nimm. 3 Schwarzer Weiser - aber nicht alle auf einmal rauchen.,拿着。三卷北部黑暗地区的沼泽烟草－－但是不要一口气同时抽它们。,,,DIA_Fortuno_DailyRation_05_01,,
Scripts/content/Story/MISSIONS/DIA_Nov_1357_Fortuno.d:116,"Du hattest deine Tagesration schon. Wenn du mehr willst, komm morgen wieder oder kauf was.",你已经得到了你的日常供应。如果你想得到更多的量，那么明天再回来或买一些吧。,,,DIA_Fortuno_DailyRation_05_02,,
Scripts/content/Story/MISSIONS/DIA_Nov_1357_Fortuno.d:131,Ich will handeln.,我想做交易。,,,DIA_Fortuno_BuyJoints.description,,
Scripts/content/Story/MISSIONS/DIA_Nov_1357_Fortuno.d:144,Ich will handeln.,我想做交易。,,,DIA_Fortuno_BuyJoints_15_00,,
Scripts/content/Story/MISSIONS/DIA_Nov_1357_Fortuno.d:145,Was willst du haben? Oder willst du was verkaufen?,你想要什么？或者你想卖什么？,,,DIA_Fortuno_BuyJoints_05_01,,
Scripts/content/Story/MISSIONS/DIA_Nov_1358_Harlok.d:33,Ghorim schickt mich.,哥里姆派我来。,,,DIA_Harlok_FetchHarlok.description,,
Scripts/content/Story/MISSIONS/DIA_Nov_1358_Harlok.d:46,Ghorim schickt mich.,哥里姆派我来。,,,DIA_Harlok_FetchHarlok_15_00,,
Scripts/content/Story/MISSIONS/DIA_Nov_1358_Harlok.d:47,Was?,什么？,,,DIA_Harlok_FetchHarlok_01_01,,
Scripts/content/Story/MISSIONS/DIA_Nov_1358_Harlok.d:50,"Schwing deinen Hintern zu den Krautstampfern, oder es gibt saures.",你这个笨蛋快去烟草捣碎器那里，否则就要给你好看！,,,DIA_Harlok_FetchHarlok.DIA_Harlok_FetchHarlok_OrElse,Info_AddChoice,
Scripts/content/Story/MISSIONS/DIA_Nov_1358_Harlok.d:51,"Ich soll dich daran erinnern, dass du ihn ablösen sollst.",我到这儿来提醒你，你应该去接管他的事了。,,,DIA_Harlok_FetchHarlok.DIA_Harlok_FetchHarlok_Please,Info_AddChoice,
Scripts/content/Story/MISSIONS/DIA_Nov_1358_Harlok.d:56,"Ich soll dich daran erinnern, dass du ihn ablösen sollst.",我到这儿来提醒你，你应该去接管他的事了。,,,DIA_Harlok_FetchHarlok_Please_15_00,,
Scripts/content/Story/MISSIONS/DIA_Nov_1358_Harlok.d:57,"Das ist aber nett von dir. Erinnere mich doch noch mal, wenn ich ausgeschlafen habe, ja?",你真好。当我快睡着时，请再提醒我一次，好吗？,,,DIA_Harlok_FetchHarlok_Please_01_01,,
Scripts/content/Story/MISSIONS/DIA_Nov_1358_Harlok.d:62,"Schwing deinen Hintern zu den Krautstampfern, oder es gibt Saures.",你这个笨蛋快去烟草捣碎器那里，否则就要给你好看！,,,DIA_Harlok_FetchHarlok_OrElse_15_00,,
Scripts/content/Story/MISSIONS/DIA_Nov_1358_Harlok.d:63,"VERSUCH doch mal, dich mit mir anzulegen, du Penner!",你再烦我，就有你好看的，可恶！,,,DIA_Harlok_FetchHarlok_OrElse_01_01,,
Scripts/content/Story/MISSIONS/DIA_Nov_1358_Harlok.d:70,Schon gut.,好吧，好吧。,,,DIA_Harlok_FetchHarlok_BACK_15_00,,
Scripts/content/Story/MISSIONS/DIA_Nov_1358_Harlok.d:83,"Ich wollte dich nochmal dran erinnern, deinen Kumpel abzulösen!",我只想提醒你去接替你的朋友！,,,DIA_Harlok_HarlokAgain.description,,
Scripts/content/Story/MISSIONS/DIA_Nov_1358_Harlok.d:96,"Ich wollte dich noch mal dran erinnern, deinen Kumpel abzulösen!",我只想提醒你去接替你的朋友！,,,DIA_Harlok_HarlokAgain_15_00,,
Scripts/content/Story/MISSIONS/DIA_Nov_1358_Harlok.d:97,"Hör zu! Ich habe gesagt, mach, dass du wegkommst!",听着！我告诉你小心点！,,,DIA_Harlok_HarlokAgain_01_01,,
Scripts/content/Story/MISSIONS/DIA_Nov_1358_Harlok.d:111,"Hast du langsam Lust bekommen, deinen Freud abzulösen?",好，你不想让你的朋友休息吗？,,,DIA_Harlok_SendHarlok.description,,
Scripts/content/Story/MISSIONS/DIA_Nov_1358_Harlok.d:124,"Na, hast du langsam Lust bekommen, deinen Freund abzulösen?",好，你不想让你的朋友休息吗？,,,DIA_Harlok_SendHarlok_15_00,,
Scripts/content/Story/MISSIONS/DIA_Nov_1358_Harlok.d:125,Du verdammter Mistkerl! Wieso mischst du dich überhaupt in unsere Angelegenheiten?,可恶！你为什么要多管闲事？,,,DIA_Harlok_SendHarlok_01_01,,
Scripts/content/Story/MISSIONS/DIA_Nov_1358_Harlok.d:126,Ich will dich einfach stampfen sehen.,我只想提醒你。,,,DIA_Harlok_SendHarlok_15_02,,
Scripts/content/Story/MISSIONS/DIA_Nov_1358_Harlok.d:127,Ist ja schon gut - ich gehe ja ... Mistkerl!,好吧，好吧－－我这就去．．．可恶！,,,DIA_Harlok_SendHarlok_01_03,,
Scripts/content/Story/MISSIONS/DIA_Nov_1358_Harlok.d:164,Lass mich in Ruhe! Ich mach' ja schon ...,不要管我！我要走了．．．,,,DIA_Harlok_Angry_01_00,,
Scripts/content/Story/MISSIONS/DIA_Nov_1371_BaalNetbek.d:33,Wer bist du?,你是谁？,,,Nov_1371_BaalNetbek_CRAZY.description,,
Scripts/content/Story/MISSIONS/DIA_Nov_1371_BaalNetbek.d:43,Wer bist du?,你是谁？,,,Nov_1371_BaalNetbek_CRAZY_Info_15_01,,
Scripts/content/Story/MISSIONS/DIA_Nov_1371_BaalNetbek.d:44,"Ich bin der Guru, ich bin der Guru des Sumpfes. Meine Diener nennen mich Baal Netbek.",我是导师，沼泽地的导师。我的仆人们叫我巴尔．奈特伯克。,,,Nov_1371_BaalNetbek_CRAZY_Info_03_02,,
Scripts/content/Story/MISSIONS/DIA_Nov_1371_BaalNetbek.d:45,Diener? Ich sehe keine Diener!,仆人们？我没看见一个仆人！,,,Nov_1371_BaalNetbek_CRAZY_Info_15_03,,
Scripts/content/Story/MISSIONS/DIA_Nov_1371_BaalNetbek.d:46,Sie sind hier überall. Die Bäume! Sie wandern und springen und tanzen...,他们无处不在。那些树！它们走着、跳着、舞着．．．,,,Nov_1371_BaalNetbek_CRAZY_Info_03_04,,
Scripts/content/Story/MISSIONS/DIA_Nov_1371_BaalNetbek.d:47,"...ach so, na ich geh dann mal wieder...",．．．噢，我明白了，我会马上出发．．．,,,Nov_1371_BaalNetbek_CRAZY_Info_15_05,,
Scripts/content/Story/MISSIONS/DIA_Nov_1371_BaalNetbek.d:48,"Warte, du kannst mir helfen, diesen Sumpf in eine gigantische Blumenwiese zu verwandeln!",等一下，你可以帮我把这片沼泽地变成一大片开满鲜花的草地！,,,Nov_1371_BaalNetbek_CRAZY_Info_03_06,,
Scripts/content/Story/MISSIONS/DIA_Nov_1371_BaalNetbek.d:49,"Fang am besten schon mal damit an, ich... ich komme dann später wieder.",好，你先行动吧。我．．．我稍候会回来的。,,,Nov_1371_BaalNetbek_CRAZY_Info_15_07,,
Scripts/content/Story/MISSIONS/DIA_Nov_1371_BaalNetbek.d:51,"Ich glaube, der Kerl bringt mich nicht wirklich weiter...",他不会带我去任何地方．．．,,,Nov_1371_BaalNetbek_CRAZY_Info_15_08,,
Scripts/content/Story/MISSIONS/DIA_Nov_1371_BaalNetbek.d:65,"Hey, gehts dir gut?",嘿，怎么样？,,,Nov_1371_BaalNetbek_AGAIN.description,,
Scripts/content/Story/MISSIONS/DIA_Nov_1371_BaalNetbek.d:78,"Hey, geht's dir gut?",嘿，怎么样？,,,Nov_1371_BaalNetbek_AGAIN_Info_15_01,,
Scripts/content/Story/MISSIONS/DIA_Nov_1371_BaalNetbek.d:79,"Pass auf, dass du meine Bäume nicht verletzt!",注意不要伤害我的树！,,,Nov_1371_BaalNetbek_AGAIN_Info_03_02,,
,Vergiß es.,算了吧。,,FALSE,DIA_Balor_RipOff.DIA_Balor_RipOff_ForgetIt,Info_AddChoice,
,"50 sind fair - hier, nimm.",５０个很公平，这是你的东西。,,FALSE,DIA_Balor_RipOff.DIA_Balor_RipOff_Pay,Info_AddChoice,
